area,sex,year,0-4,5-9,10-14,15-19,20-24,25-29,30-34,35-39,40-44,45-49,50-54,55-59,60-64,65-69,70-74,75-79,80-84,85-89,90-94,95-99,100+
Afghanistan,Female,1950,629.82,469.88,409.13,356.99,307.61,263.07,224.27,190.57,161.41,136.51,113.78,92.15,70.18,48.24,28.02,12.38,3.56,0.59,0.05,0.00,0.00
Afghanistan,Male,1950,618.46,496.33,445.23,400.13,360.77,309.90,266.59,228.53,193.54,170.34,141.78,119.46,91.02,62.47,36.30,16.00,4.59,0.76,0.07,0.00,0.00
Afghanistan,Female,1951,628.36,485.21,415.68,363.55,313.11,267.57,227.78,193.33,163.57,138.28,114.98,93.10,70.71,48.84,28.55,12.80,3.82,0.66,0.05,0.00,0.00
Afghanistan,Male,1951,618.50,506.59,451.12,405.07,364.96,315.25,270.27,231.39,194.80,170.37,141.94,118.87,91.11,62.63,36.66,16.34,4.85,0.83,0.06,0.00,0.00
Afghanistan,Female,1952,627.30,501.79,422.07,370.66,318.76,272.16,231.36,196.14,165.78,140.05,116.25,94.05,71.33,49.40,29.10,13.22,4.06,0.71,0.06,0.00,0.00
Afghanistan,Male,1952,620.92,516.21,456.79,410.75,368.37,321.01,273.96,234.18,196.77,169.90,142.70,117.90,91.38,62.74,37.02,16.68,5.08,0.87,0.07,0.01,0.00
Afghanistan,Female,1953,627.43,517.42,429.05,377.63,324.37,276.68,234.92,198.91,167.96,141.75,117.55,94.94,72.06,49.94,29.68,13.63,4.29,0.77,0.07,0.00,0.00
Afghanistan,Male,1953,627.30,522.53,462.65,416.68,371.17,326.59,277.65,236.85,199.17,169.19,143.68,116.79,91.72,62.86,37.38,17.02,5.28,0.93,0.08,0.01,0.00
Afghanistan,Female,1954,630.92,529.39,438.07,383.91,329.93,281.22,238.56,201.71,170.17,143.45,118.91,95.83,72.87,50.46,30.25,14.01,4.51,0.84,0.08,0.01,0.00
Afghanistan,Male,1954,636.90,526.20,469.59,422.31,374.16,331.46,281.63,239.58,201.64,168.90,144.39,115.98,91.87,63.02,37.70,17.33,5.46,0.99,0.09,0.01,0.00
Afghanistan,Female,1955,641.28,534.50,449.90,389.87,335.53,285.96,242.43,204.70,172.52,145.26,120.40,96.80,73.75,51.00,30.81,14.40,4.72,0.92,0.10,0.00,0.00
Afghanistan,Male,1955,649.85,527.92,478.02,427.68,377.80,335.70,286.03,242.65,204.14,169.36,144.77,115.69,91.80,63.24,38.00,17.63,5.63,1.07,0.10,0.00,0.00
Afghanistan,Female,1956,656.47,534.75,464.13,395.76,341.47,290.94,246.51,207.87,175.01,147.20,121.98,97.89,74.67,51.62,31.38,14.79,4.94,1.00,0.11,0.00,0.00
Afghanistan,Male,1956,665.87,528.46,487.34,432.84,382.15,339.40,290.84,245.95,206.70,170.52,144.87,115.93,91.51,63.57,38.28,17.93,5.81,1.14,0.11,0.00,0.00
Afghanistan,Female,1957,672.23,534.49,479.72,401.64,348.06,296.17,250.76,211.19,177.62,149.24,123.61,99.08,75.61,52.32,31.93,15.21,5.16,1.07,0.12,0.01,0.00
Afghanistan,Male,1957,682.52,530.87,496.22,437.95,387.33,342.48,296.14,249.35,209.30,172.37,144.60,116.72,90.96,64.03,38.55,18.24,5.99,1.21,0.12,0.01,0.00
Afghanistan,Female,1958,688.03,534.86,494.44,408.13,354.55,301.39,254.97,214.52,180.22,151.28,125.21,100.31,76.56,53.11,32.48,15.64,5.38,1.15,0.13,0.01,0.00
Afghanistan,Male,1958,699.25,536.81,501.97,443.30,392.78,345.06,301.31,252.80,211.82,174.63,144.17,117.70,90.38,64.55,38.83,18.55,6.17,1.27,0.13,0.01,0.00
Afghanistan,Female,1959,704.83,538.72,506.12,416.95,360.71,306.86,259.44,218.13,183.01,153.49,126.92,101.69,77.54,53.96,33.02,16.08,5.59,1.22,0.14,0.01,0.00
Afghanistan,Male,1959,716.98,546.26,505.63,450.09,398.33,348.14,306.11,256.76,214.61,177.13,144.25,118.58,90.09,64.95,39.17,18.87,6.35,1.33,0.14,0.01,0.00
Afghanistan,Female,1960,723.44,549.71,511.90,429.04,367.07,312.77,264.46,222.24,186.23,156.03,128.91,103.31,78.57,54.87,33.59,16.52,5.81,1.30,0.16,0.01,0.00
Afghanistan,Male,1960,736.52,559.61,508.11,458.95,404.16,352.30,310.76,261.46,218.00,179.90,145.19,119.36,90.19,65.21,39.54,19.17,6.54,1.39,0.16,0.01,0.00
Afghanistan,Female,1961,743.20,565.49,513.29,443.64,373.56,319.18,269.85,226.68,189.71,158.78,131.06,105.08,79.70,55.81,34.19,16.96,6.03,1.38,0.18,0.01,0.00
Afghanistan,Male,1961,757.21,576.18,509.71,468.92,410.04,357.34,315.09,266.70,221.73,182.85,146.79,119.97,90.71,65.30,39.99,19.47,6.72,1.46,0.17,0.01,0.00
Afghanistan,Female,1962,763.98,582.05,514.36,459.75,380.20,326.34,275.58,231.35,193.41,161.71,133.37,106.92,80.95,56.75,34.85,17.39,6.27,1.46,0.19,0.01,0.00
Afghanistan,Male,1962,778.96,593.66,513.29,478.65,416.03,363.30,318.98,272.51,225.66,185.90,149.06,120.33,91.70,65.21,40.52,19.77,6.92,1.52,0.18,0.01,0.00
Afghanistan,Female,1963,785.74,599.23,516.44,475.47,387.77,333.71,281.56,236.22,197.30,164.77,135.80,108.83,82.33,57.70,35.57,17.82,6.51,1.54,0.21,0.01,0.00
Afghanistan,Male,1963,801.69,611.79,520.74,485.78,422.64,369.84,322.68,278.44,229.81,189.04,151.79,120.64,92.93,65.09,41.08,20.07,7.11,1.59,0.20,0.01,0.00
Afghanistan,Female,1964,808.48,617.15,521.71,488.15,397.45,340.66,287.68,241.25,201.37,167.96,138.33,110.80,83.85,58.67,36.33,18.24,6.75,1.61,0.23,0.02,0.00
Afghanistan,Male,1964,825.47,630.65,531.41,490.74,430.49,376.34,326.73,283.95,234.37,192.36,154.67,121.32,94.08,65.16,41.55,20.39,7.30,1.65,0.21,0.01,0.00
Afghanistan,Female,1965,832.20,635.97,533.24,494.58,409.76,347.40,293.89,246.50,205.68,171.33,141.00,112.88,85.48,59.68,37.12,18.68,7.00,1.70,0.24,0.02,0.00
Afghanistan,Male,1965,850.35,650.39,545.26,493.94,439.78,382.65,331.39,288.98,239.31,195.98,157.61,122.56,95.04,65.51,41.91,20.72,7.48,1.72,0.22,0.01,0.00
Afghanistan,Female,1966,856.70,655.32,549.02,496.39,424.20,354.00,300.34,251.92,210.13,174.83,143.76,115.03,87.19,60.76,37.93,19.15,7.24,1.78,0.26,0.02,0.00
Afghanistan,Male,1966,876.02,670.69,561.84,495.91,449.81,388.72,336.61,293.48,244.57,199.76,160.57,124.26,95.82,66.15,42.16,21.10,7.67,1.79,0.23,0.02,0.00
Afghanistan,Female,1967,882.20,675.33,565.33,497.66,439.89,360.59,307.37,257.55,214.72,178.45,146.60,117.26,88.97,61.94,38.75,19.65,7.49,1.87,0.28,0.02,0.00
Afghanistan,Male,1967,902.64,691.62,579.05,499.57,459.39,394.71,342.55,297.44,250.24,203.61,163.55,126.45,96.38,67.13,42.28,21.51,7.85,1.86,0.25,0.02,0.00
Afghanistan,Female,1968,908.75,696.22,582.24,499.91,455.21,368.06,314.60,263.41,219.48,182.23,149.57,119.59,90.79,63.23,39.58,20.18,7.74,1.96,0.30,0.02,0.00
Afghanistan,Male,1968,930.33,713.46,596.90,506.97,466.46,401.28,349.01,301.21,256.02,207.68,166.61,129.04,96.90,68.28,42.39,21.94,8.03,1.93,0.26,0.02,0.00
Afghanistan,Female,1969,936.08,717.90,599.72,505.13,467.52,377.44,321.36,269.35,224.35,186.16,152.63,122.00,92.67,64.63,40.43,20.75,7.99,2.06,0.32,0.03,0.00
Afghanistan,Male,1969,958.88,736.12,615.30,517.38,471.33,408.92,355.36,305.23,261.36,212.05,169.79,131.72,97.72,69.37,42.63,22.32,8.22,2.00,0.27,0.02,0.00
Afghanistan,Female,1970,964.36,740.44,617.99,516.31,473.76,389.29,327.88,275.33,229.40,190.28,155.84,124.51,94.63,66.12,41.32,21.34,8.25,2.15,0.34,0.03,0.00
Afghanistan,Male,1970,988.43,759.72,634.48,530.80,474.44,417.88,361.48,309.78,266.21,216.76,173.22,134.44,98.96,70.31,43.06,22.63,8.43,2.07,0.29,0.02,0.00
Afghanistan,Female,1971,992.93,763.38,636.47,531.33,475.35,402.96,334.11,281.42,234.49,194.44,159.09,127.05,96.65,67.69,42.27,21.94,8.53,2.25,0.36,0.03,0.00
Afghanistan,Male,1971,1018.31,783.69,653.86,546.59,476.14,427.32,367.19,314.71,270.45,221.66,176.70,137.11,100.59,71.12,43.69,22.89,8.65,2.14,0.30,0.02,0.00
Afghanistan,Female,1972,1022.06,787.10,655.45,546.78,476.34,417.76,340.28,288.00,239.74,198.69,162.42,129.64,98.76,69.32,43.30,22.56,8.82,2.35,0.38,0.03,0.00
Afghanistan,Male,1972,1048.81,808.44,673.72,562.90,479.38,436.26,372.76,320.24,274.15,226.88,180.22,139.79,102.61,71.78,44.53,23.08,8.89,2.21,0.32,0.02,0.00
Afghanistan,Female,1973,1052.65,812.20,675.60,563.06,478.54,432.40,347.45,294.90,245.34,203.21,165.99,132.41,100.93,70.99,44.41,23.19,9.14,2.46,0.40,0.04,0.00
Afghanistan,Male,1973,1080.93,834.61,694.76,580.08,486.46,443.03,379.06,326.43,277.81,232.33,184.03,142.60,104.93,72.41,45.49,23.27,9.13,2.28,0.33,0.03,0.00
Afghanistan,Female,1974,1083.87,837.77,696.21,579.65,483.39,443.99,356.29,301.26,250.90,207.75,169.63,135.22,103.11,72.68,45.57,23.83,9.47,2.56,0.43,0.04,0.00
Afghanistan,Male,1974,1113.81,861.26,716.31,597.55,496.24,447.52,386.24,332.39,281.61,237.29,188.06,145.48,107.28,73.24,46.38,23.54,9.35,2.36,0.35,0.03,0.00
Afghanistan,Female,1975,1114.53,862.79,716.40,595.96,493.08,449.00,366.81,306.84,256.06,212.08,173.14,137.92,105.22,74.31,46.73,24.45,9.79,2.67,0.45,0.04,0.00
Afghanistan,Male,1975,1146.16,887.39,737.47,614.68,508.01,449.56,393.98,337.55,285.41,241.40,192.06,148.33,109.50,74.29,47.10,23.88,9.53,2.43,0.36,0.03,0.00
Afghanistan,Female,1976,1143.28,886.37,735.49,611.23,505.42,448.70,378.31,311.54,260.80,216.03,176.33,140.37,107.17,75.84,47.85,25.05,10.10,2.77,0.48,0.05,0.00
Afghanistan,Male,1976,1176.51,912.10,757.48,630.75,521.02,449.39,401.39,341.66,288.99,244.48,195.85,150.94,111.52,75.49,47.65,24.28,9.67,2.51,0.38,0.03,0.00
Afghanistan,Female,1977,1171.66,909.39,754.40,626.22,517.53,447.40,390.38,315.82,265.69,219.87,179.39,142.73,108.94,77.24,48.88,25.63,10.39,2.87,0.50,0.05,0.00
Afghanistan,Male,1977,1206.45,936.37,777.29,646.51,533.88,450.25,407.86,345.28,292.83,246.80,199.73,153.42,113.31,76.81,47.99,24.76,9.77,2.59,0.39,0.03,0.00
Afghanistan,Female,1978,1198.84,931.80,773.17,641.13,529.42,446.51,401.48,320.44,270.34,223.55,182.31,144.98,110.45,78.40,49.73,26.14,10.63,2.96,0.52,0.05,0.00
Afghanistan,Male,1978,1235.16,960.19,796.91,661.87,545.94,453.46,411.09,348.65,296.48,248.45,203.23,155.69,114.72,78.01,48.10,25.16,9.82,2.66,0.41,0.03,0.00
Afghanistan,Female,1979,1205.98,940.11,780.55,646.73,533.56,441.52,403.51,321.76,270.32,223.73,182.38,144.97,110.19,78.21,49.66,26.14,10.65,2.99,0.53,0.05,0.00
Afghanistan,Male,1979,1243.13,969.66,804.74,667.11,548.70,451.25,405.20,346.89,294.87,246.02,202.77,155.41,114.14,77.76,47.41,24.97,9.69,2.66,0.41,0.04,0.00
Afghanistan,Female,1980,1161.38,908.91,755.24,625.39,515.55,423.35,382.94,311.47,258.59,214.38,174.80,138.90,105.28,74.64,47.41,24.99,10.19,2.89,0.51,0.05,0.00
Afghanistan,Male,1980,1197.63,938.42,778.88,644.48,528.14,431.98,380.35,331.20,280.31,233.44,193.12,148.58,108.69,74.04,44.82,23.58,9.16,2.53,0.39,0.04,0.00
Afghanistan,Female,1981,1038.76,816.24,678.98,562.10,462.92,380.07,333.77,281.57,229.55,190.93,155.65,123.65,93.47,66.14,42.04,22.18,9.05,2.59,0.46,0.05,0.00
Afghanistan,Male,1981,1071.68,843.60,700.56,578.90,472.51,385.84,330.20,294.00,247.07,205.96,170.34,132.08,96.16,65.40,39.47,20.60,8.07,2.22,0.35,0.03,0.00
Afghanistan,Female,1982,939.47,742.14,618.32,512.17,421.28,345.62,294.23,258.46,206.26,172.50,140.38,111.44,84.05,59.23,37.64,19.86,8.11,2.34,0.42,0.05,0.00
Afghanistan,Male,1982,969.83,767.79,638.36,526.85,427.75,348.33,290.87,263.20,219.99,184.09,151.43,118.83,85.98,58.27,35.19,18.07,7.18,1.95,0.32,0.03,0.00
Afghanistan,Female,1983,926.37,735.29,613.98,509.16,418.42,342.93,284.78,257.58,203.02,169.99,138.20,109.61,82.50,57.84,36.69,19.33,7.90,2.29,0.42,0.04,0.00
Afghanistan,Male,1983,956.87,761.29,634.34,522.93,422.15,342.48,282.54,254.70,214.06,179.65,146.76,116.37,83.84,56.51,34.20,17.25,6.95,1.87,0.32,0.03,0.00
Afghanistan,Female,1984,952.63,759.81,637.04,528.98,434.43,355.66,290.62,265.47,210.09,174.50,142.02,112.53,84.50,58.88,37.17,19.51,7.97,2.32,0.43,0.05,0.00
Afghanistan,Male,1984,984.47,787.26,658.59,541.79,434.12,350.46,287.27,255.68,217.68,182.36,148.38,118.20,85.14,57.00,34.42,17.15,6.92,1.86,0.32,0.03,0.00
Afghanistan,Female,1985,976.81,782.27,659.59,548.56,450.28,368.31,300.20,268.67,218.20,178.52,145.45,115.19,86.30,59.70,37.40,19.49,7.97,2.32,0.43,0.05,0.00
Afghanistan,Male,1985,1009.86,811.26,682.29,559.80,444.33,356.53,291.73,254.40,220.76,183.89,149.43,119.02,85.97,57.12,34.29,16.91,6.79,1.84,0.31,0.03,0.00
Afghanistan,Female,1986,973.99,777.47,659.25,549.54,451.11,368.58,301.06,260.85,219.93,176.55,144.24,114.16,85.49,58.86,36.66,19.03,7.77,2.26,0.42,0.05,0.00
Afghanistan,Male,1986,1007.47,806.96,682.59,560.37,442.00,351.95,288.12,244.59,216.98,179.53,146.09,116.10,84.45,55.76,33.29,16.35,6.48,1.77,0.30,0.03,0.00
Afghanistan,Female,1987,968.99,765.60,652.76,545.52,448.28,365.87,298.51,251.84,220.12,173.28,142.31,112.46,84.29,57.95,35.94,18.66,7.60,2.22,0.42,0.05,0.00
Afghanistan,Male,1987,1002.93,795.08,676.63,557.19,438.71,346.42,282.66,235.45,211.55,174.39,142.51,112.64,82.93,54.45,32.39,15.94,6.20,1.72,0.29,0.03,0.00
Afghanistan,Female,1988,983.73,766.65,656.34,550.19,452.83,369.35,301.06,248.01,223.01,173.59,142.71,112.76,84.61,58.21,36.00,18.72,7.60,2.22,0.42,0.05,0.00
Afghanistan,Male,1988,1019.06,796.38,681.05,563.40,444.18,348.00,282.59,233.00,208.21,172.87,141.73,111.37,82.94,54.36,32.21,15.94,6.09,1.72,0.29,0.03,0.00
Afghanistan,Female,1989,1022.13,784.55,672.38,565.87,466.54,380.46,309.85,251.43,228.07,178.68,145.70,115.43,86.76,59.87,37.00,19.30,7.83,2.29,0.43,0.05,0.00
Afghanistan,Male,1989,1060.06,814.95,698.32,581.31,460.10,358.30,289.13,236.86,208.83,175.84,143.97,112.93,84.63,55.75,32.94,16.37,6.21,1.75,0.29,0.03,0.00
Afghanistan,Female,1990,1035.07,784.95,670.38,566.68,468.06,381.73,310.73,251.88,223.21,180.23,144.78,115.01,86.62,59.98,37.06,19.38,7.87,2.31,0.44,0.05,0.00
Afghanistan,Male,1990,1074.83,815.28,696.78,583.71,464.31,360.15,288.56,235.72,203.24,174.69,142.29,111.73,83.92,55.72,32.86,16.36,6.19,1.73,0.29,0.03,0.00
Afghanistan,Female,1991,1050.02,791.14,668.95,568.03,470.38,383.84,312.19,253.80,217.45,182.78,144.10,114.95,86.73,60.28,37.27,19.53,7.96,2.33,0.45,0.05,0.00
Afghanistan,Male,1991,1091.67,821.81,695.72,586.38,469.27,363.43,288.81,235.83,197.74,173.86,140.75,110.89,83.29,55.91,32.91,16.40,6.23,1.72,0.29,0.03,0.00
Afghanistan,Female,1992,1188.21,893.34,744.76,635.19,527.31,430.87,350.16,284.26,238.00,206.81,160.21,128.55,97.10,67.78,42.08,22.07,9.03,2.64,0.50,0.06,0.00
Afghanistan,Male,1992,1236.63,928.29,774.81,656.65,528.39,409.74,323.06,262.76,216.82,192.66,155.58,123.21,92.29,62.86,36.98,18.44,7.06,1.92,0.33,0.03,0.00
Afghanistan,Female,1993,1390.96,1045.16,857.90,733.89,610.85,499.96,406.17,329.55,270.46,240.81,184.94,148.60,112.47,78.87,49.24,25.89,10.64,3.11,0.60,0.07,0.00
Afghanistan,Male,1993,1448.85,1086.55,892.60,759.96,615.40,478.65,374.83,303.53,248.42,219.55,178.59,141.95,106.00,73.13,43.15,21.54,8.30,2.23,0.39,0.04,0.00
Afghanistan,Female,1994,1548.23,1163.73,938.96,804.04,671.74,550.78,447.43,362.80,293.50,263.98,203.76,162.72,123.59,87.07,54.71,28.89,11.93,3.49,0.67,0.07,0.00
Afghanistan,Male,1994,1613.97,1210.58,976.90,834.03,680.63,531.67,413.87,333.23,271.13,236.77,195.17,155.13,115.74,80.56,47.89,23.94,9.29,2.48,0.43,0.04,0.00
Afghanistan,Female,1995,1657.59,1248.02,991.69,846.83,710.51,583.69,474.25,384.40,310.01,274.25,217.13,171.22,130.54,92.42,58.45,31.00,12.86,3.77,0.72,0.08,0.00
Afghanistan,Male,1995,1729.51,1299.20,1031.58,879.53,723.41,568.18,440.40,352.22,285.69,244.68,205.57,162.81,121.68,85.14,51.12,25.61,9.98,2.66,0.46,0.04,0.00
Afghanistan,Female,1996,1737.08,1312.50,1031.81,873.54,736.20,606.32,492.93,399.32,322.75,277.09,227.65,176.55,135.28,96.15,61.18,32.62,13.60,4.00,0.77,0.09,0.00
Afghanistan,Male,1996,1814.26,1367.28,1073.23,908.31,753.12,595.52,460.61,365.50,296.25,247.35,212.38,167.39,125.62,88.07,53.54,26.89,10.51,2.81,0.48,0.05,0.00
Afghanistan,Female,1997,1811.67,1378.18,1076.29,898.64,760.90,628.39,511.57,414.12,334.65,279.97,238.42,181.68,140.12,99.78,63.85,34.24,14.34,4.23,0.81,0.09,0.01
Afghanistan,Male,1997,1894.36,1436.70,1119.61,935.05,781.43,622.50,481.78,379.07,306.31,250.93,218.43,171.70,129.61,90.70,55.97,28.14,11.04,2.98,0.50,0.05,0.00
Afghanistan,Female,1998,1882.94,1447.76,1126.51,924.60,785.86,651.03,530.98,429.66,346.97,283.68,248.75,187.45,145.00,103.47,66.52,35.90,15.09,4.48,0.86,0.10,0.01
Afghanistan,Male,1998,1971.63,1510.31,1172.24,962.18,809.15,649.71,504.35,393.68,316.63,256.56,222.83,176.26,133.69,93.25,58.36,29.42,11.57,3.15,0.52,0.05,0.00
Afghanistan,Female,1999,1955.10,1524.14,1184.28,954.49,812.50,675.80,552.26,446.87,360.63,290.12,257.63,194.92,150.00,107.47,69.41,37.71,15.93,4.76,0.91,0.10,0.01
Afghanistan,Male,1999,2050.58,1590.94,1233.06,993.16,838.26,678.91,529.41,410.54,328.25,264.18,226.77,181.82,138.02,96.19,60.77,30.86,12.17,3.33,0.55,0.05,0.00
Afghanistan,Female,2000,1972.34,1562.04,1213.90,962.92,817.56,683.11,559.40,452.76,365.26,292.77,255.76,198.62,150.98,108.65,70.54,38.59,16.39,4.92,0.94,0.11,0.01
Afghanistan,Male,2000,2072.15,1631.30,1264.71,1001.79,845.14,690.53,541.51,418.02,331.90,266.23,223.98,183.18,138.62,96.82,61.48,31.56,12.48,3.43,0.57,0.06,0.00
Afghanistan,Female,2001,1971.78,1587.42,1236.34,969.89,816.26,685.29,562.71,455.75,367.47,295.19,249.98,201.82,150.84,109.16,71.17,39.20,16.75,5.05,0.97,0.11,0.01
Afghanistan,Male,2001,2074.65,1658.85,1288.89,1008.93,845.01,696.40,549.99,423.66,333.64,267.45,219.15,183.35,138.09,96.88,61.63,32.07,12.70,3.51,0.58,0.06,0.00
Afghanistan,Female,2002,2084.71,1702.55,1333.33,1039.36,862.72,727.74,599.26,486.05,391.64,314.50,259.67,217.27,159.69,116.43,76.10,42.19,18.15,5.50,1.06,0.12,0.01
Afghanistan,Male,2002,2196.14,1780.69,1390.86,1081.39,894.17,742.83,591.00,455.58,355.80,284.31,228.70,193.91,145.74,102.93,65.39,34.57,13.72,3.80,0.63,0.06,0.00
Afghanistan,Female,2003,2226.73,1840.42,1454.20,1129.80,922.60,781.16,645.20,524.30,422.33,338.93,273.87,235.60,171.53,125.55,82.30,45.89,19.88,6.05,1.18,0.13,0.01
Afghanistan,Male,2003,2347.67,1927.00,1517.81,1175.97,957.11,800.29,641.54,495.98,384.42,305.82,243.56,205.94,155.90,110.73,70.17,37.64,14.99,4.16,0.70,0.06,0.00
Afghanistan,Female,2004,2290.11,1914.63,1531.49,1188.19,953.07,808.28,670.31,545.81,439.67,352.64,280.46,244.35,178.77,130.28,85.81,48.12,21.00,6.43,1.26,0.14,0.01
Afghanistan,Male,2004,2415.26,2007.68,1599.24,1237.45,989.23,830.69,671.63,521.56,401.65,317.67,251.35,210.09,161.31,114.74,72.71,39.39,15.83,4.40,0.75,0.07,0.00
Afghanistan,Female,2005,2334.00,1972.15,1600.74,1248.02,992.18,840.64,699.16,569.21,457.72,366.37,289.89,248.36,186.50,134.30,88.93,50.22,22.14,6.89,1.42,0.23,0.02
Afghanistan,Male,2005,2461.38,2071.39,1672.08,1299.59,1028.76,865.47,705.29,550.00,421.04,330.23,260.11,212.89,166.72,118.26,75.19,41.04,16.78,4.78,0.91,0.18,0.02
Afghanistan,Female,2006,2391.22,2037.94,1678.11,1316.97,1044.89,880.57,734.48,597.91,479.94,383.17,303.38,251.94,196.44,139.25,92.77,52.70,23.46,7.41,1.60,0.31,0.05
Afghanistan,Male,2006,2521.26,2143.53,1753.67,1371.01,1081.74,907.13,744.78,583.76,445.27,345.96,271.92,216.74,173.44,122.52,78.32,42.93,17.89,5.20,1.08,0.27,0.05
Afghanistan,Female,2007,2433.07,2095.07,1745.91,1353.55,1043.60,865.27,730.34,600.91,486.22,389.95,309.95,251.78,204.15,142.50,95.66,54.36,24.14,7.40,1.31,0.15,0.04
Afghanistan,Male,2007,2565.48,2206.52,1826.71,1413.47,1084.37,894.25,743.64,590.37,452.70,350.39,275.74,216.44,176.22,124.36,79.94,43.53,18.11,4.89,0.69,0.13,0.04
Afghanistan,Female,2008,2459.39,2151.04,1813.63,1404.15,1057.27,856.32,729.69,606.45,494.51,398.25,317.46,252.81,211.76,146.54,98.81,56.26,25.00,7.56,1.19,0.07,0.04
Afghanistan,Male,2008,2593.10,2267.60,1899.90,1469.36,1102.02,887.37,745.72,599.70,463.13,356.92,280.59,218.51,178.06,126.79,81.92,44.36,18.54,4.80,0.47,0.09,0.04
Afghanistan,Female,2009,2486.08,2208.95,1884.70,1488.20,1121.97,889.28,757.31,631.22,515.33,414.75,330.31,258.81,219.64,152.95,102.73,58.90,26.43,8.18,1.45,0.12,0.04
Afghanistan,Male,2009,2620.55,2329.33,1976.69,1556.19,1168.83,921.46,776.32,629.31,487.99,373.43,291.73,225.66,181.74,131.47,85.16,46.25,19.67,5.33,0.69,0.13,0.04
Afghanistan,Female,2010,2513.76,2260.41,1949.41,1563.05,1173.42,910.09,773.10,648.65,531.68,428.65,341.67,267.00,223.18,159.90,106.17,61.24,27.67,8.62,1.53,0.07,0.02
Afghanistan,Male,2010,2649.15,2383.65,2047.83,1634.95,1223.88,943.84,794.75,650.94,508.35,387.69,301.12,232.43,183.61,135.79,87.76,47.83,20.45,5.60,0.71,0.03,0.03
Afghanistan,Female,2011,2545.84,2314.71,2014.96,1652.37,1253.10,959.52,804.77,676.71,555.25,447.42,356.17,278.86,225.97,168.45,110.18,64.07,29.21,9.28,1.79,0.20,0.04
Afghanistan,Male,2011,2681.47,2440.61,2119.32,1727.07,1305.63,994.42,828.92,683.38,536.81,408.24,314.37,242.44,186.49,141.21,90.99,50.00,21.57,6.17,0.97,0.17,0.04
Afghanistan,Female,2012,2586.52,2372.02,2080.11,1744.42,1349.17,1027.99,845.68,711.18,583.21,469.45,372.81,291.56,229.97,177.91,114.62,67.31,30.92,10.04,2.10,0.34,0.06
Afghanistan,Male,2012,2722.00,2500.37,2189.99,1821.86,1402.94,1063.87,871.95,722.08,570.12,433.19,330.30,253.71,191.26,146.87,94.64,52.56,22.85,6.86,1.28,0.32,0.08
Afghanistan,Female,2013,2648.39,2411.76,2140.67,1818.81,1430.07,1086.63,876.26,738.49,606.99,489.22,388.23,303.41,233.99,186.50,119.17,70.33,32.45,10.62,2.23,0.33,0.06
Afghanistan,Male,2013,2784.64,2541.53,2255.62,1900.87,1486.21,1124.10,904.03,752.76,598.74,456.21,345.03,263.80,196.71,150.69,98.01,54.82,23.83,7.27,1.36,0.26,0.08
Afghanistan,Female,2014,2727.90,2441.86,2199.40,1892.82,1521.09,1158.32,914.46,769.50,633.80,511.16,405.26,316.40,240.20,193.80,124.72,73.35,34.10,11.28,2.44,0.40,0.07
Afghanistan,Male,2014,2865.57,2572.48,2318.01,1979.98,1578.95,1197.31,943.30,786.80,630.39,482.12,362.07,275.10,203.81,154.19,101.95,57.20,24.98,7.77,1.53,0.31,0.08
Afghanistan,Female,2015,2804.35,2475.84,2251.93,1952.59,1596.26,1219.49,946.45,793.83,656.82,530.91,421.10,328.78,248.92,197.57,130.85,76.06,35.58,11.81,2.52,0.35,0.06
Afghanistan,Male,2015,2943.52,2607.43,2373.38,2046.19,1656.54,1260.17,975.75,813.24,657.38,505.75,378.25,285.53,211.08,156.50,105.75,59.18,25.93,8.06,1.53,0.23,0.07
Afghanistan,Female,2016,2876.92,2505.36,2302.70,2001.06,1652.97,1267.83,973.16,810.55,675.18,548.12,435.64,340.35,258.53,199.20,137.34,78.57,36.93,12.22,2.48,0.22,0.03
Afghanistan,Male,2016,3017.71,2637.20,2426.85,2101.68,1716.93,1310.41,1002.77,831.26,678.82,526.59,393.50,295.03,218.18,157.76,109.13,60.77,26.67,8.13,1.37,0.06,0.04
Afghanistan,Female,2017,2943.32,2540.43,2357.07,2058.20,1718.86,1330.11,1013.64,832.10,696.90,567.80,452.22,353.33,268.58,201.87,144.59,81.49,38.62,12.79,2.58,0.20,0.02
Afghanistan,Male,2017,3085.42,2672.05,2483.52,2164.01,1784.66,1372.86,1042.86,853.32,703.07,549.97,411.60,306.22,225.92,160.43,112.59,62.66,27.69,8.39,1.40,0.05,0.02
Afghanistan,Female,2018,3002.11,2601.05,2396.33,2116.84,1783.31,1397.69,1061.36,855.31,719.29,588.29,469.72,367.12,279.30,205.57,151.76,84.96,40.47,13.45,2.74,0.23,0.01
Afghanistan,Male,2018,3145.25,2733.28,2524.07,2226.27,1849.37,1438.53,1089.03,875.75,727.01,573.76,431.09,318.38,234.17,164.68,115.29,64.82,28.84,8.73,1.49,0.06,0.01
Afghanistan,Female,2019,3059.16,2677.14,2425.04,2174.68,1846.56,1469.81,1115.78,881.29,742.14,609.70,488.05,381.68,290.67,210.95,157.70,89.10,42.27,14.17,2.93,0.27,0.01
Afghanistan,Male,2019,3203.23,2810.56,2553.50,2286.66,1914.06,1508.32,1141.88,900.47,750.91,598.27,451.92,331.81,243.04,170.03,117.59,67.30,30.03,9.14,1.61,0.09,0.01
Afghanistan,Female,2020,3115.21,2756.11,2460.78,2235.20,1918.28,1553.25,1181.66,916.10,768.02,633.33,507.80,397.05,302.27,218.62,160.54,93.55,43.84,14.79,3.14,0.37,0.02
Afghanistan,Male,2020,3259.89,2890.94,2590.00,2348.82,1988.47,1589.69,1206.52,934.13,777.85,624.99,474.72,346.90,252.29,175.93,119.07,69.69,30.98,9.45,1.77,0.18,0.02
Afghanistan,Female,2021,3172.50,2835.45,2492.77,2289.48,1979.78,1627.93,1245.27,953.51,791.51,655.44,526.73,411.87,313.05,226.69,161.09,97.79,44.99,15.14,3.22,0.37,0.02
Afghanistan,Male,2021,3318.06,2972.06,2622.17,2405.01,2052.88,1662.12,1268.08,969.77,801.49,649.38,496.51,361.88,260.76,181.37,119.29,71.32,31.36,9.43,1.74,0.17,0.02
AFRICA,Female,1950,19316.05,14749.80,12868.39,11507.82,10113.84,8694.66,7408.55,6261.84,5353.15,4496.70,3782.09,3039.86,2394.63,1789.00,1208.28,674.50,298.22,91.95,21.98,3.37,0.39
AFRICA,Male,1950,19750.52,14904.15,12924.35,11579.39,10145.10,8723.61,7453.89,6298.26,5338.21,4398.92,3564.06,2792.27,2139.88,1569.56,1018.72,543.82,240.03,70.70,16.10,2.41,0.22
AFRICA,Female,1951,19799.59,15164.23,13069.67,11703.92,10337.04,8900.23,7589.42,6400.59,5460.14,4589.75,3856.38,3112.43,2435.72,1816.16,1225.00,687.13,302.69,94.28,21.12,3.12,0.37
AFRICA,Male,1951,20202.92,15358.91,13136.09,11767.42,10352.90,8914.95,7624.54,6436.26,5446.76,4497.27,3639.87,2854.95,2174.00,1590.03,1035.03,552.53,240.40,72.31,15.37,2.28,0.23
AFRICA,Female,1952,20297.72,15613.39,13284.34,11900.62,10552.65,9110.74,7770.19,6548.50,5562.72,4690.48,3926.21,3189.68,2479.95,1845.07,1241.95,701.34,307.45,96.62,20.37,3.14,0.35
AFRICA,Male,1952,20670.03,15846.66,13367.27,11954.72,10558.47,9108.02,7793.78,6582.34,5551.98,4601.18,3717.45,2921.58,2212.05,1610.36,1051.68,563.34,240.64,73.73,14.82,2.26,0.23
AFRICA,Female,1953,20848.08,16054.26,13533.05,12090.61,10752.75,9319.01,7947.98,6700.73,5663.95,4795.72,3995.22,3268.55,2528.87,1876.02,1260.32,716.26,313.01,98.74,20.12,3.10,0.33
AFRICA,Male,1953,21196.86,16314.02,13638.14,12135.25,10752.17,9296.13,7959.96,6731.87,5658.01,4710.13,3799.95,2992.83,2254.99,1632.10,1068.96,575.49,241.93,74.89,14.62,2.24,0.23
AFRICA,Female,1954,21463.72,16456.96,13834.93,12273.46,10941.46,9524.20,8124.04,6857.80,5770.54,4899.37,4068.77,3344.61,2583.67,1908.89,1280.80,730.47,319.64,100.93,20.38,2.99,0.29
AFRICA,Male,1954,21794.82,16735.15,13967.53,12311.56,10931.39,9478.73,8123.61,6883.71,5768.96,4818.15,3886.85,3065.37,2303.11,1656.16,1086.32,587.67,244.84,75.78,14.75,2.18,0.21
AFRICA,Female,1955,22076.93,16880.19,14194.69,12461.28,11123.74,9728.67,8303.72,7020.10,5886.12,4999.67,4148.40,3416.63,2644.09,1943.89,1303.13,743.96,327.26,103.40,20.95,2.90,0.24
AFRICA,Male,1955,22408.98,17158.52,14360.84,12498.05,11099.49,9659.01,8288.53,7037.64,5886.57,4922.09,3976.25,3136.79,2355.98,1682.98,1103.51,599.37,249.22,76.59,15.04,2.11,0.20
AFRICA,Female,1956,22665.95,17344.14,14603.27,12658.94,11303.33,9930.17,8489.52,7183.25,6010.02,5095.51,4233.20,3483.75,2708.38,1980.43,1326.35,757.07,335.62,106.02,21.63,2.81,0.23
AFRICA,Male,1956,23019.28,17601.38,14807.10,12700.55,11264.09,9838.17,8456.23,7190.66,6011.34,5021.42,4068.34,3207.55,2412.17,1712.50,1120.39,611.04,254.62,77.36,15.37,2.05,0.19
AFRICA,Female,1957,23245.22,17819.72,15038.15,12867.03,11485.21,10126.83,8681.01,7346.43,6142.18,5186.16,4323.70,3545.73,2775.74,2018.11,1349.51,769.60,344.35,108.68,22.27,2.75,0.23
AFRICA,Male,1957,23620.98,18055.05,15279.34,12918.49,11428.54,10016.58,8625.66,7341.72,6142.55,5116.09,4163.33,3278.26,2470.64,1744.10,1136.22,622.48,260.58,78.15,15.66,2.02,0.20
AFRICA,Female,1958,23809.65,18343.77,15461.67,13095.80,11654.01,10308.19,8870.20,7506.06,6278.42,5275.43,4417.25,3605.36,2844.71,2058.68,1372.94,782.24,352.80,111.48,22.83,2.75,0.23
AFRICA,Male,1958,24208.52,18562.37,15727.98,13161.20,11577.30,10180.51,8789.07,7488.21,6276.22,5211.59,4261.82,3351.55,2531.17,1778.34,1151.75,633.53,266.65,79.16,15.90,2.02,0.20
AFRICA,Female,1959,24406.73,18931.65,15849.22,13379.64,11824.32,10487.14,9063.42,7669.09,6422.66,5371.69,4510.42,3670.63,2911.86,2105.06,1398.29,796.46,360.86,114.65,23.47,2.81,0.22
AFRICA,Male,1959,24827.75,19139.44,16135.93,13466.99,11733.17,10342.13,8955.75,7637.39,6414.51,5311.89,4358.26,3427.90,2592.90,1817.51,1169.47,644.91,272.93,80.65,16.16,2.05,0.20
AFRICA,Female,1960,25049.96,19510.62,16245.29,13732.91,12022.39,10676.73,9268.00,7844.70,6576.67,5478.58,4601.67,3744.96,2976.84,2157.74,1425.93,812.29,368.75,118.26,24.26,2.90,0.22
AFRICA,Male,1960,25493.12,19730.22,16541.53,13851.15,11923.78,10514.11,9133.61,7795.83,6556.69,5415.39,4446.15,3504.16,2654.31,1861.24,1189.81,656.44,279.29,82.59,16.47,2.11,0.19
AFRICA,Female,1961,25722.88,20051.98,16667.28,14133.43,12240.74,10873.63,9472.30,8026.97,6730.74,5594.30,4689.16,3826.41,3038.80,2217.50,1459.25,831.48,377.46,122.34,25.22,3.03,0.21
AFRICA,Male,1961,26190.77,20308.87,16953.15,14278.82,12131.08,10687.84,9314.85,7960.08,6699.06,5527.60,4531.72,3585.49,2717.37,1910.31,1215.04,669.75,286.43,84.98,16.87,2.18,0.20
AFRICA,Female,1962,26432.48,20596.95,17097.37,14559.55,12472.63,11078.51,9672.97,8213.38,6885.49,5718.73,4773.97,3913.43,3097.95,2280.92,1498.81,854.11,387.24,126.66,26.27,3.14,0.22
AFRICA,Male,1962,26926.89,20892.05,17373.73,14728.60,12355.26,10867.10,9499.77,8130.03,6844.38,5650.88,4619.54,3673.85,2783.90,1963.79,1245.82,685.43,294.68,87.78,17.33,2.24,0.21
AFRICA,Female,1963,27171.18,21159.84,17572.51,14971.03,12730.04,11284.91,9873.20,8404.30,7044.62,5848.08,4860.69,4000.66,3159.68,2341.41,1541.41,877.75,397.86,130.78,27.35,3.25,0.23
AFRICA,Male,1963,27692.93,21487.66,17852.59,15158.50,12614.14,11049.56,9685.50,8304.12,6993.74,5777.63,4709.26,3762.19,2853.48,2017.61,1279.29,701.82,303.31,90.74,17.84,2.30,0.21
AFRICA,Female,1964,27928.81,21748.35,18109.53,15344.08,13035.42,11490.85,10073.48,8598.51,7207.62,5983.58,4954.74,4085.58,3228.55,2396.90,1586.78,903.10,409.73,134.71,28.49,3.41,0.24
AFRICA,Male,1964,28479.67,22103.70,18401.37,15546.33,12925.97,11235.13,9869.05,8481.59,7147.15,5908.86,4805.26,3849.00,2927.11,2071.16,1315.25,719.66,312.21,93.74,18.42,2.39,0.22
AFRICA,Female,1965,28694.08,22370.74,18657.72,15719.76,13391.44,11698.97,10269.62,8795.04,7376.06,6126.06,5058.01,4168.84,3302.88,2448.37,1633.38,930.54,422.57,138.53,29.65,3.59,0.25
AFRICA,Male,1965,29273.83,22749.16,18976.16,15929.31,13295.96,11428.65,10045.83,8660.13,7304.84,6044.51,4908.37,3934.08,3003.01,2124.60,1353.25,739.43,321.31,96.72,19.03,2.47,0.23
AFRICA,Female,1966,29452.22,23035.25,19206.57,16123.78,13787.72,11910.61,10462.96,8992.97,7551.23,6275.07,5169.78,4253.29,3378.40,2501.80,1676.96,956.12,435.21,142.42,30.79,3.77,0.26
AFRICA,Male,1966,30059.83,23433.08,19559.71,16330.90,13712.35,11628.51,10217.32,8836.46,7465.01,6181.50,5015.13,4015.77,3077.16,2178.54,1389.68,757.78,329.93,99.75,19.66,2.54,0.24
AFRICA,Female,1967,30212.13,23742.47,19778.55,16552.38,14212.59,12134.43,10660.39,9192.91,7733.06,6431.51,5289.56,4340.22,3454.71,2560.03,1717.70,979.49,447.10,146.51,31.93,3.96,0.27
AFRICA,Male,1967,30845.76,24158.45,20155.98,16761.36,14159.58,11842.78,10390.34,9012.13,7626.81,6320.26,5124.61,4094.92,3148.91,2234.01,1423.93,774.26,337.55,102.90,20.30,2.61,0.24
AFRICA,Female,1968,30989.27,24471.47,20364.59,17040.56,14628.90,12387.93,10857.85,9391.47,7920.45,6593.37,5415.88,4430.38,3533.57,2621.82,1759.50,1004.31,458.78,150.95,33.01,4.14,0.28
AFRICA,Male,1968,31647.12,24908.00,20759.75,17255.72,14592.28,12093.98,10565.41,9188.31,7792.09,6463.29,5238.86,4176.76,3221.98,2291.98,1459.42,791.98,344.65,106.09,20.94,2.68,0.25
AFRICA,Female,1969,31789.28,25207.92,20972.73,17598.25,15002.44,12682.91,11048.93,9584.07,8111.32,6757.75,5550.44,4525.65,3614.51,2686.92,1801.76,1030.09,470.35,155.61,34.00,4.30,0.29
AFRICA,Male,1969,32469.94,25666.34,21380.93,17817.94,14981.29,12394.45,10738.04,9359.75,7958.99,6609.55,5359.83,4263.65,3296.07,2351.48,1496.30,810.93,351.60,109.13,21.53,2.72,0.25
AFRICA,Female,1970,32622.39,25953.28,21615.21,18167.15,15368.16,13021.02,11241.35,9771.55,8306.66,6927.33,5694.44,4628.25,3697.04,2754.14,1844.40,1056.59,481.74,160.27,34.89,4.42,0.30
AFRICA,Male,1970,33323.99,26426.71,22031.20,18399.11,15355.38,12744.79,10914.12,9524.82,8128.64,6762.12,5489.47,4357.35,3370.35,2411.47,1533.99,830.82,358.39,111.84,22.03,2.71,0.25
AFRICA,Female,1971,33491.22,26697.53,22292.41,18717.78,15740.92,13383.42,11434.21,9956.89,8503.76,7103.65,5844.32,4737.92,3780.74,2822.17,1888.73,1083.98,493.31,164.59,35.75,4.50,0.30
AFRICA,Male,1971,34214.70,27178.79,22715.54,18980.95,15737.26,13134.39,11098.47,9689.85,8302.70,6923.55,5626.35,4459.11,3445.42,2472.29,1572.67,851.30,365.10,113.99,22.42,2.68,0.25
AFRICA,Female,1972,34387.20,27435.01,22999.50,19274.66,16122.58,13756.26,11626.93,10138.42,8696.57,7283.15,5998.70,4853.74,3863.56,2890.91,1935.41,1111.92,505.70,168.58,36.61,4.56,0.30
AFRICA,Male,1972,35137.55,27922.47,23427.99,19562.30,16135.35,13546.98,11296.09,9856.38,8477.86,7088.61,5767.32,4567.43,3520.86,2533.97,1612.95,872.25,372.37,115.70,22.77,2.66,0.25
AFRICA,Female,1973,35314.03,28182.97,23728.62,19859.86,16576.49,14125.42,11848.71,10319.88,8887.98,7468.53,6160.04,4977.52,3948.15,2961.79,1985.46,1141.20,519.55,172.75,37.61,4.66,0.31
AFRICA,Male,1973,36095.89,28676.61,24158.27,20155.08,16603.97,13953.15,11534.78,10028.39,8656.24,7258.59,5914.28,4682.51,3599.45,2597.48,1656.11,894.85,381.07,117.62,23.23,2.68,0.26
AFRICA,Female,1974,36281.41,28959.39,24463.90,20482.60,17127.17,14476.92,12125.20,10502.74,9076.09,7656.83,6323.18,5109.80,4038.40,3034.79,2038.88,1171.81,534.88,177.40,38.82,4.79,0.32
AFRICA,Male,1974,37101.02,29467.62,24901.10,20776.89,17161.20,14339.77,11838.83,10210.17,8836.48,7432.32,6065.14,4805.36,3685.07,2663.13,1701.74,919.44,391.38,120.03,23.83,2.75,0.27
AFRICA,Female,1975,37332.87,29796.76,25186.50,21130.13,17707.20,14846.03,12455.70,10690.51,9259.36,7848.07,6492.43,5255.37,4142.18,3113.86,2096.54,1203.92,551.52,182.59,40.10,4.92,0.32
AFRICA,Male,1975,38204.57,30341.99,25640.07,21414.06,17732.33,14725.47,12202.06,10400.70,9013.32,7608.37,6222.69,4940.13,3785.10,2736.89,1752.53,946.14,402.99,122.84,24.40,2.79,0.28
AFRICA,Female,1976,38447.57,30697.40,25917.57,21803.95,18283.56,15245.44,12820.36,10880.36,9440.74,8041.46,6670.13,5411.29,4259.93,3200.12,2160.03,1240.44,570.47,189.21,41.74,5.14,0.34
AFRICA,Male,1976,39381.42,31298.83,26388.61,22068.74,18289.12,15113.80,12599.94,10591.97,9185.11,7784.48,6386.16,5082.44,3897.53,2819.04,1810.63,976.77,416.40,126.51,25.07,2.84,0.28
AFRICA,Female,1977,39556.78,31589.51,26656.87,22512.86,18887.03,15668.06,13200.98,11065.75,9609.87,8222.12,6840.73,5564.41,4376.09,3282.04,2223.90,1280.44,591.09,197.11,43.67,5.44,0.36
AFRICA,Male,1977,40539.97,32243.86,27138.45,22749.75,18868.88,15520.36,13023.98,10795.36,9353.81,7956.69,6545.02,5221.35,4006.83,2894.46,1866.73,1009.57,431.15,131.04,25.88,2.90,0.27
AFRICA,Female,1978,40733.15,32500.71,27410.77,23259.91,19542.46,16177.79,13591.34,11284.24,9778.19,8398.70,7012.55,5721.00,4496.11,3363.47,2287.92,1322.88,612.99,205.96,45.94,5.94,0.41
AFRICA,Male,1978,41747.38,33199.74,27896.09,23456.52,19487.53,16006.53,13452.86,11049.05,9534.79,8138.12,6710.64,5366.08,4119.05,2967.64,1920.15,1043.72,447.19,136.54,27.14,3.20,0.30
AFRICA,Female,1979,41992.06,33471.13,28193.35,24014.36,20225.98,16779.70,13968.59,11559.25,9951.93,8575.79,7190.09,5879.72,4625.51,3451.71,2354.23,1367.48,636.01,215.62,48.51,6.56,0.50
AFRICA,Male,1979,43031.61,34218.02,28697.87,24185.15,20128.84,16573.66,13855.69,11360.55,9721.50,8321.04,6880.76,5513.57,4237.41,3047.72,1975.33,1079.23,464.31,142.84,28.74,3.64,0.35
AFRICA,Female,1980,43211.96,34452.19,28975.87,24727.57,20887.26,17388.86,14357.10,11886.25,10128.49,8742.31,7358.39,6022.54,4741.67,3536.78,2416.89,1409.63,657.29,224.42,50.68,7.03,0.58
AFRICA,Male,1980,44277.64,35261.79,29570.06,24969.99,20811.78,17189.15,14266.32,11722.93,9895.67,8473.09,7024.73,5635.44,4334.68,3124.21,2027.14,1111.89,479.78,148.42,30.00,3.94,0.39
AFRICA,Female,1981,44474.74,35487.36,29818.68,25472.06,21561.75,17989.38,14792.17,12272.09,10325.20,8916.17,7531.77,6172.70,4862.34,3624.10,2479.30,1451.68,678.17,232.71,52.69,7.38,0.63
AFRICA,Male,1981,45564.82,36345.98,30501.28,25790.80,21499.15,17783.87,14680.16,12125.59,10077.17,8620.38,7166.09,5755.90,4433.18,3201.24,2078.87,1144.06,494.50,153.61,31.09,4.11,0.42
AFRICA,Female,1982,45829.73,36596.08,30724.94,26285.01,22288.53,18609.58,15265.42,12703.03,10546.05,9103.76,7716.81,6343.50,5003.12,3719.96,2545.82,1497.33,701.50,241.83,55.15,7.76,0.69
AFRICA,Male,1982,46943.83,37473.97,31442.39,26609.32,22177.42,18333.60,15083.53,12549.85,10282.00,8783.08,7323.88,5893.29,4551.16,3284.54,2135.16,1179.51,511.25,159.61,32.49,4.32,0.45
AFRICA,Female,1983,47132.68,37729.72,31619.26,27105.80,23013.66,19218.80,15786.72,13129.24,10792.84,9290.02,7898.27,6518.26,5143.72,3814.97,2611.38,1541.94,725.25,251.11,57.84,8.18,0.75
AFRICA,Male,1983,48269.30,38611.33,32369.25,27437.23,22857.03,18847.25,15508.94,12941.71,10505.97,8935.74,7472.53,6024.01,4662.37,3363.64,2191.27,1213.88,528.33,165.79,34.05,4.54,0.48
AFRICA,Female,1984,48378.19,38908.17,32519.65,27950.44,23738.00,19821.17,16367.95,13528.08,11081.34,9470.08,8071.16,6694.80,5290.69,3916.18,2678.58,1585.45,749.02,260.33,60.54,8.57,0.80
AFRICA,Male,1984,49536.83,39792.17,33297.97,28286.28,23537.39,19334.55,15967.95,13281.55,10764.44,9076.72,7608.69,6149.89,4772.93,3442.45,2248.47,1247.03,545.35,172.03,35.67,4.75,0.49
AFRICA,Female,1985,49640.49,40130.42,33459.17,28849.93,24494.16,20442.23,16977.55,13954.62,11428.43,9655.12,8236.79,6874.66,5454.11,4034.09,2750.58,1630.97,774.15,270.09,63.45,9.03,0.86
AFRICA,Male,1985,50824.35,41034.42,34272.53,29197.65,24249.87,19815.93,16432.28,13609.38,11069.41,9216.42,7731.83,6273.09,4888.29,3529.58,2308.52,1282.61,563.68,178.82,37.53,5.03,0.52
AFRICA,Female,1986,50900.40,41428.54,34411.74,29704.61,25256.10,21081.53,17554.99,14404.75,11817.05,9852.81,8404.10,7047.28,5619.41,4156.57,2825.60,1677.60,800.42,280.43,66.48,9.57,0.92
AFRICA,Male,1986,52113.14,42355.18,35265.05,30099.67,25026.49,20381.10,16912.49,13969.40,11432.93,9381.80,7867.58,6406.19,5006.16,3623.33,2370.33,1320.10,583.13,185.99,39.54,5.36,0.54
AFRICA,Female,1987,52148.41,42783.53,35417.40,30496.25,26019.95,21738.90,18093.16,14846.02,12222.43,10060.12,8576.40,7209.97,5780.83,4279.41,2904.28,1726.15,829.52,293.61,71.34,10.77,1.08
AFRICA,Male,1987,53393.93,43728.64,36289.52,30944.98,25854.71,21070.32,17420.94,14367.90,11843.93,9579.85,8023.72,6554.58,5128.56,3721.73,2435.20,1360.30,605.38,195.85,43.27,6.24,0.62
AFRICA,Female,1988,53290.14,44082.04,36544.06,31315.36,26821.63,22417.68,18612.87,15304.51,12606.01,10278.90,8745.46,7368.34,5939.85,4404.73,2983.27,1775.91,859.96,307.71,76.35,11.98,1.24
AFRICA,Male,1988,54576.73,45046.34,37394.99,31772.74,26691.51,21808.91,17928.73,14793.26,12230.06,9794.18,8171.98,6699.39,5248.92,3818.57,2497.00,1401.62,628.03,205.82,46.70,7.01,0.70
AFRICA,Female,1989,54366.24,45320.16,37764.92,32136.94,27639.30,23132.78,19154.90,15815.75,12961.04,10537.14,8915.76,7523.86,6094.12,4533.51,3066.13,1826.89,889.00,319.65,79.33,12.44,1.29
AFRICA,Male,1989,55700.83,46305.30,38597.98,32606.99,27536.52,22589.36,18467.10,15268.57,12581.37,10051.19,8320.79,6841.84,5370.28,3916.92,2559.75,1443.77,648.82,213.22,48.06,7.12,0.70
AFRICA,Female,1990,55430.81,46523.55,39034.28,32963.59,28430.47,23871.54,19737.32,16343.13,13333.01,10846.48,9091.81,7675.24,6244.41,4668.27,3155.98,1879.86,917.85,331.41,82.02,12.81,1.32
AFRICA,Male,1990,56814.10,47527.43,39877.19,33471.39,28363.26,23385.36,19048.31,15762.78,12933.84,10362.36,8478.77,6980.95,5494.44,4019.31,2628.82,1486.26,669.62,220.61,49.34,7.22,0.71
AFRICA,Female,1991,56395.06,47705.42,40331.89,33825.22,29203.78,24620.59,20343.86,16838.98,13719.60,11185.29,9263.69,7816.09,6385.84,4803.93,3247.87,1933.97,947.20,344.22,85.28,13.33,1.36
AFRICA,Male,1991,57833.93,48737.03,41184.35,34347.53,29152.15,24170.46,19663.38,16239.26,13286.79,10707.06,8639.07,7113.38,5620.28,4122.25,2701.40,1529.44,691.68,229.16,51.23,7.47,0.73
AFRICA,Female,1992,57324.08,48870.89,41645.28,34774.39,29960.82,25366.36,20976.33,17328.50,14113.70,11546.88,9437.60,7959.21,6530.29,4944.61,3342.59,1988.23,975.70,357.07,88.62,13.81,1.40
AFRICA,Male,1992,58802.61,49933.30,42499.87,35276.39,29897.47,24918.02,20297.19,16692.38,13632.80,11067.30,8801.31,7239.81,5744.35,4224.56,2774.05,1571.66,713.12,237.50,53.09,7.67,0.75
AFRICA,Female,1993,58293.82,50013.34,42959.21,35852.61,30690.92,26100.65,21636.76,17841.24,14560.39,11912.23,9633.64,8105.51,6670.95,5089.23,3442.96,2043.09,1003.83,369.16,91.59,14.19,1.43
AFRICA,Male,1993,59795.08,51098.13,43837.92,36358.07,30632.41,25628.03,20928.30,17126.73,14000.86,11405.46,8977.02,7353.12,5851.32,4322.93,2846.21,1610.75,733.34,244.45,54.51,7.80,0.76
AFRICA,Female,1994,59231.06,51043.49,44171.93,37027.53,31456.45,26879.00,22347.99,18394.98,15067.96,12255.97,9865.24,8240.85,6786.69,5221.53,3545.01,2099.96,1032.93,381.55,95.12,14.98,1.54
AFRICA,Male,1994,60756.48,52159.37,45102.71,37581.03,31433.76,26374.12,21592.93,17580.04,14409.71,11710.55,9187.18,7454.19,5933.58,4410.01,2917.46,1650.60,754.88,251.90,56.60,8.53,0.89
AFRICA,Female,1995,60238.97,52009.66,45353.60,38298.71,32280.49,27660.36,23074.87,18970.21,15578.44,12611.50,10148.21,8387.51,6903.81,5349.15,3652.79,2161.00,1063.34,394.30,98.82,15.54,1.67
AFRICA,Male,1995,61779.51,53146.63,46302.21,38889.14,32298.10,27141.09,22291.80,18072.41,14829.02,12013.14,9449.49,7567.31,6017.89,4494.93,2990.12,1693.03,775.88,259.05,58.17,8.81,1.01
AFRICA,Female,1996,61365.60,53012.73,46603.03,39655.51,33121.52,28360.99,23748.89,19528.36,16054.33,12988.72,10478.07,8561.23,7048.56,5487.97,3773.32,2231.44,1097.25,407.42,102.40,15.62,1.69
AFRICA,Male,1996,62925.59,54156.06,47527.72,40245.84,33160.24,27851.96,22966.16,18580.21,15230.48,12321.10,9757.06,7713.06,6133.21,4598.84,3074.08,1745.65,798.28,265.96,59.21,8.42,0.99
AFRICA,Female,1997,62440.92,53987.30,47806.39,40995.36,34021.69,29022.73,24403.16,20090.62,16513.18,13371.00,10831.28,8742.09,7195.32,5623.38,3899.94,2309.12,1135.61,421.66,106.85,16.24,1.71
AFRICA,Male,1997,64034.37,55152.88,48733.88,41604.66,34088.51,28549.43,23638.65,19126.51,15625.39,12642.06,10089.77,7881.99,6261.79,4712.92,3166.77,1807.79,825.58,274.62,61.56,8.84,0.97
AFRICA,Female,1998,63489.51,54921.70,48930.61,42267.38,35051.10,29695.84,25089.56,20702.23,16991.45,13796.39,11183.25,8932.30,7327.54,5740.79,4021.32,2385.45,1175.52,436.80,111.94,17.34,1.78
AFRICA,Male,1998,65101.69,56114.47,49877.63,42914.32,35162.86,29282.20,24355.41,19750.82,16050.46,13011.11,10421.18,8065.44,6382.63,4814.84,3253.18,1864.93,854.87,284.81,64.68,9.70,1.01
AFRICA,Female,1999,64642.29,55847.87,50002.34,43491.24,36212.10,30390.71,25787.45,21349.23,17497.65,14277.06,11514.34,9156.48,7459.22,5848.33,4136.31,2463.85,1216.92,453.60,117.77,18.69,1.92
AFRICA,Male,1999,66259.01,57057.71,50962.94,44150.48,36360.37,30045.61,25091.80,20423.76,16511.65,13426.00,10731.86,8275.63,6500.30,4906.06,3332.33,1918.08,884.88,296.20,67.86,10.34,1.07
AFRICA,Female,2000,65919.35,56853.25,51010.20,44680.51,37446.65,31123.87,26467.42,22007.53,18025.14,14761.77,11851.02,9423.85,7600.06,5952.80,4249.21,2550.76,1261.87,472.41,124.52,20.45,2.12
AFRICA,Male,2000,67552.25,58078.15,51999.29,45342.73,37639.57,30855.71,25824.12,21115.27,17006.58,13846.94,11037.48,8525.29,6626.85,4996.84,3413.54,1976.05,917.74,308.80,71.74,11.20,1.15
AFRICA,Female,2001,67292.26,57955.65,51963.50,45860.79,38724.72,31927.63,27130.46,22667.62,18578.49,15227.75,12211.22,9729.29,7753.02,6058.73,4359.33,2643.73,1308.21,492.43,131.35,22.34,2.36
AFRICA,Male,2001,68950.49,59193.52,52980.06,46517.20,38955.35,31733.19,26558.50,21815.37,17542.76,14257.99,11352.26,8811.93,6765.87,5090.49,3497.76,2036.91,951.57,322.39,75.85,12.32,1.27
AFRICA,Female,2002,68806.79,59068.92,52897.37,47030.51,40014.89,32831.57,27783.97,23320.61,19159.00,15691.04,12586.13,10061.29,7916.14,6173.02,4464.87,2739.25,1355.11,514.03,138.07,24.13,2.65
AFRICA,Male,2002,70489.77,60323.68,53938.56,47687.83,40274.65,32704.92,27300.81,22514.80,18123.38,14667.23,11677.43,9125.52,6915.77,5190.94,3582.36,2098.77,983.95,337.35,79.74,13.28,1.40
AFRICA,Female,2003,70448.33,60189.70,53832.66,48167.39,41291.98,33863.41,28432.08,23963.71,19755.58,16159.63,12996.83,10391.55,8092.76,6292.96,4564.11,2832.90,1403.46,535.79,144.70,25.70,2.95
AFRICA,Male,2003,72159.14,61461.80,54905.06,48827.29,41573.24,33803.46,28052.39,23213.39,18736.77,15086.69,12035.00,9436.80,7081.72,5296.33,3665.03,2160.19,1015.33,352.24,83.61,14.05,1.56
AFRICA,Female,2004,72173.13,61408.75,54781.07,49255.63,42542.31,35024.73,29101.94,24605.94,20360.90,16644.93,13459.56,10698.13,8297.73,6416.49,4658.50,2922.81,1454.98,557.61,151.53,27.19,3.23
AFRICA,Male,2004,73913.16,62696.08,55884.24,49920.55,42825.75,35025.13,28827.51,23919.53,19368.79,15528.47,12433.91,9726.81,7274.60,5405.65,3745.90,2220.51,1047.19,366.50,87.54,14.73,1.70
AFRICA,Female,2005,73973.38,62730.45,55798.10,50264.11,43752.27,36268.13,29827.36,25245.45,20971.31,17150.70,13928.49,11013.69,8544.11,6549.11,4749.40,3010.22,1511.21,580.44,158.77,28.80,3.49
AFRICA,Male,2005,75745.47,64041.74,56921.17,50942.86,44013.47,36318.62,29648.29,24634.57,20013.55,15999.92,12838.10,10017.36,7504.87,5523.14,3824.45,2281.31,1080.63,380.97,91.46,15.40,1.82
AFRICA,Female,2006,75850.47,64141.88,56892.99,51204.76,44932.19,37546.56,30626.99,25883.39,21588.50,17681.09,14376.01,11356.74,8829.28,6691.46,4842.00,3095.91,1571.31,603.28,166.20,30.40,3.72
AFRICA,Male,2006,77666.91,65487.11,58031.92,51903.63,45168.54,37633.51,30529.09,25362.26,20675.58,16513.91,13234.38,10324.50,7773.69,5649.30,3903.80,2343.83,1115.26,394.79,95.27,15.98,1.90
AFRICA,Female,2007,77799.86,65701.37,57997.84,52132.50,46092.03,38830.24,31526.97,26529.69,22214.54,18243.34,14825.33,11717.70,9143.26,6843.68,4942.26,3179.15,1633.72,626.31,173.84,31.90,3.92
AFRICA,Male,2007,79672.12,67079.22,59156.46,52855.58,46319.86,38941.79,31500.00,26106.82,21354.80,17077.53,13636.24,10644.74,8070.58,5786.70,3987.81,2406.47,1150.64,407.25,99.03,16.42,1.95
AFRICA,Female,2008,79835.74,67399.74,59111.11,53064.88,47213.49,40093.91,32551.43,27182.62,22846.76,18828.11,15285.42,12116.08,9459.28,7010.51,5047.79,3258.85,1695.93,650.13,180.91,33.24,4.07
AFRICA,Male,2008,81776.82,68807.93,60283.23,53809.47,47430.11,40213.53,32585.09,26859.47,22044.12,17676.63,14052.40,10995.04,8367.64,5941.03,4075.25,2467.66,1186.22,418.77,102.16,16.75,1.97
AFRICA,Female,2009,81907.54,69177.13,60313.62,54009.17,48291.13,41323.26,33692.29,27852.88,23487.16,19425.42,15763.32,12562.33,9754.78,7204.65,5156.97,3335.85,1756.99,676.18,187.82,34.66,4.21
AFRICA,Male,2009,83928.68,70615.89,61486.16,54753.34,48485.09,41431.71,33781.94,27629.59,22748.11,18299.27,14495.92,11385.77,8649.30,6120.95,4165.81,2527.99,1222.27,430.96,104.99,17.18,2.01
AFRICA,Female,2010,83974.51,71034.40,61623.98,55016.59,49296.82,42522.59,34920.53,28581.74,24132.83,20034.85,16266.49,13017.55,10060.27,7437.67,5274.95,3410.88,1817.77,706.10,195.69,36.50,4.53
AFRICA,Male,2010,86074.28,72510.70,62815.40,55763.88,49485.00,42598.11,35057.35,28449.48,23468.30,18940.37,14971.10,11784.06,8931.85,6333.65,4263.30,2586.84,1259.48,444.86,108.20,17.81,2.13
AFRICA,Female,2011,86008.52,72976.30,63028.57,56063.35,50186.09,43664.85,36172.97,29377.78,24771.32,20645.90,16793.54,13455.42,10391.50,7706.66,5403.38,3488.04,1878.36,739.05,204.19,38.75,5.04
AFRICA,Male,2011,88176.29,74501.27,64266.17,56849.35,50402.91,43703.90,36335.88,29318.13,24191.10,19587.20,15474.15,12167.55,9221.67,6576.11,4368.15,2646.04,1297.86,459.96,111.57,18.67,2.30
AFRICA,Female,2012,87993.22,74999.25,64593.20,57119.04,51048.04,44778.05,37430.13,30271.58,25417.03,21261.94,17347.92,13895.14,10738.94,8000.52,5541.59,3570.85,1936.74,773.03,212.58,40.70,5.58
AFRICA,Male,2012,90221.18,76583.17,65877.44,57956.72,51302.05,44784.89,37593.95,30268.04,24925.73,20244.93,16014.86,12550.74,9519.00,6839.96,4483.35,2708.76,1335.87,475.40,114.41,19.28,2.47
AFRICA,Female,2013,89902.62,77119.05,66325.78,58237.73,51971.96,45906.51,38710.90,31314.61,26087.34,21894.30,17927.72,14350.00,11124.16,8296.07,5694.36,3658.57,1992.02,806.51,221.36,42.30,6.08
AFRICA,Male,2013,92184.19,78777.83,67658.16,59129.02,52269.91,45877.03,38849.81,31353.03,25686.39,20925.83,16593.24,12949.30,9844.43,7101.56,4613.75,2774.35,1372.67,490.78,117.10,19.66,2.60
AFRICA,Female,2014,91719.97,79272.41,68149.60,59467.67,52915.21,46993.84,39966.69,32482.67,26783.61,22539.61,18520.62,14825.20,11556.49,8574.14,5872.41,3750.61,2045.77,839.39,231.58,44.05,6.55
AFRICA,Male,2014,94049.48,81013.90,69531.00,60415.49,53274.19,46949.84,40067.16,32555.51,26472.86,21629.25,17194.92,13372.19,10204.39,7345.67,4764.87,2841.71,1408.84,506.35,120.43,20.11,2.73
AFRICA,Female,2015,93456.69,81415.72,70049.20,60799.57,53913.03,48009.50,41199.45,33740.43,27537.11,23191.09,19125.06,15323.16,11993.95,8860.18,6081.90,3848.30,2097.83,871.43,243.12,45.91,6.98
AFRICA,Male,2015,95836.31,83239.93,71493.08,61843.14,54366.77,47988.97,41248.20,33843.40,27312.90,22354.06,17815.88,13823.23,10569.00,7592.05,4941.70,2914.01,1444.68,522.94,124.51,20.71,2.85
AFRICA,Female,2016,95059.53,83537.82,72033.14,62219.67,54963.07,48944.69,42409.94,35040.84,28364.75,23843.74,19737.43,15845.26,12415.75,9170.58,6320.90,3953.48,2151.99,903.71,256.37,48.30,7.47
AFRICA,Male,2016,97495.61,85441.80,73550.36,63361.70,55494.01,48929.84,42370.15,35134.84,28198.54,23081.51,18445.00,14299.69,10920.25,7848.12,5142.09,2992.70,1482.20,540.73,129.35,21.65,3.03
AFRICA,Female,2017,96553.08,85593.47,74082.19,63790.70,56019.35,49844.14,43583.98,36342.08,29285.16,24502.71,20354.94,16393.76,12841.83,9497.05,6581.97,4068.06,2212.34,936.80,271.21,51.23,8.03
AFRICA,Male,2017,99052.07,87571.10,75671.19,64999.42,56607.48,49831.07,43455.34,36396.38,29155.21,23816.41,19085.21,14811.59,11273.63,8111.39,5359.47,3079.81,1523.01,559.18,134.76,22.71,3.24
AFRICA,Female,2018,98017.40,87534.04,76201.86,65524.06,57123.98,50753.32,44712.99,37624.41,30327.10,25172.48,20980.37,16963.25,13283.21,9857.97,6843.60,4195.16,2276.81,969.25,286.15,54.32,8.59
AFRICA,Male,2018,100582.01,89574.20,77860.84,66775.84,57771.67,50787.47,44535.57,37640.17,30230.67,24571.10,19748.66,15362.04,11647.37,8402.18,5574.56,3178.51,1566.29,578.02,140.41,23.71,3.45
AFRICA,Female,2019,99465.39,89380.75,78349.32,67355.22,58348.57,51673.19,45783.00,38870.10,31485.86,25865.33,21615.35,17542.60,13744.05,10258.72,7087.46,4340.59,2342.55,999.92,299.99,57.29,9.00
AFRICA,Male,2019,102097.15,91475.23,80075.53,68625.20,59034.75,51767.45,45579.90,38831.34,31409.48,25344.99,20433.21,15935.47,12046.09,8722.63,5775.29,3292.18,1610.76,596.54,145.69,24.45,3.60
AFRICA,Female,2020,100893.86,91154.47,80489.38,69276.92,59716.17,52692.03,46805.80,40100.72,32733.28,26612.70,22250.44,18118.44,14206.49,10644.06,7319.16,4497.40,2402.59,1022.48,311.07,60.09,9.28
AFRICA,Male,2020,103594.21,93305.76,82289.67,70582.71,60456.76,52846.88,46598.11,39983.60,32661.11,26158.16,21124.60,16507.91,12443.52,9020.57,5955.31,3407.73,1644.32,603.61,147.81,24.48,3.58
AFRICA,Female,2021,102341.70,92794.61,82603.17,71273.98,61190.83,53801.97,47772.86,41314.14,34019.02,27424.67,22873.89,18680.02,14660.49,10983.55,7539.37,4650.09,2449.15,1031.70,316.43,62.11,9.36
AFRICA,Male,2021,105107.64,95005.84,84478.50,72633.29,61993.88,54013.02,47573.96,41111.17,33929.01,27013.28,21805.54,17065.54,12831.33,9270.37,6108.79,3509.98,1661.10,598.03,145.98,23.72,3.38
Albania,Female,1950,89.61,73.98,67.32,56.27,49.61,42.26,36.87,33.78,30.91,24.14,24.57,19.05,19.53,15.66,11.40,7.47,4.65,2.30,0.62,0.11,0.01
Albania,Male,1950,98.13,83.08,76.88,66.16,57.89,42.32,39.32,35.84,30.58,24.29,22.34,15.47,16.67,12.99,9.43,5.77,3.49,1.43,0.32,0.05,0.00
Albania,Female,1951,93.63,75.54,68.76,58.83,51.03,43.81,37.68,34.20,31.91,24.98,24.47,20.08,19.17,16.27,11.86,7.82,4.81,2.71,0.69,0.13,0.01
Albania,Male,1951,101.98,84.03,78.49,68.68,60.19,45.24,39.15,36.71,31.78,24.91,22.65,16.26,16.15,13.44,9.57,5.95,3.49,1.67,0.35,0.06,0.00
Albania,Female,1952,98.08,77.43,69.81,61.56,52.42,45.44,38.56,34.72,32.55,26.33,23.97,21.39,18.74,16.81,12.30,8.19,4.90,3.15,0.77,0.15,0.01
Albania,Male,1952,106.25,85.28,79.62,71.48,61.92,48.78,39.05,37.47,32.86,25.90,22.60,17.40,15.52,13.86,9.67,6.17,3.45,1.92,0.39,0.07,0.00
Albania,Female,1953,103.12,79.63,70.70,64.26,53.91,47.06,39.57,35.33,32.96,27.93,23.40,22.73,18.45,17.19,12.72,8.55,4.97,3.54,0.88,0.17,0.02
Albania,Male,1953,111.12,86.98,80.47,74.33,63.40,52.53,39.33,38.05,33.84,27.11,22.42,18.66,15.01,14.16,9.79,6.40,3.39,2.15,0.45,0.08,0.01
Albania,Female,1954,108.79,82.14,71.63,66.74,55.67,48.62,40.71,36.02,33.25,29.53,23.10,23.80,18.48,17.34,13.15,8.89,5.06,3.85,1.02,0.19,0.02
Albania,Male,1954,116.44,89.42,81.25,77.00,64.98,56.07,40.25,38.40,34.74,28.42,22.35,19.78,14.78,14.24,9.98,6.61,3.37,2.33,0.53,0.08,0.01
Albania,Female,1955,114.55,85.34,72.81,68.84,57.79,50.08,42.01,36.80,33.55,30.91,23.32,24.33,18.99,17.24,13.60,9.20,5.18,4.04,1.20,0.20,0.02
Albania,Male,1955,122.04,92.75,82.13,79.26,66.91,59.06,42.04,38.50,35.58,29.72,22.58,20.53,15.00,14.05,10.25,6.77,3.42,2.44,0.64,0.09,0.01
Albania,Female,1956,120.17,89.31,74.35,70.47,60.26,51.44,43.45,37.68,33.90,31.95,24.16,24.25,19.96,16.95,14.07,9.50,5.35,4.11,1.39,0.21,0.03
Albania,Male,1956,127.92,96.78,83.26,81.03,69.30,61.36,44.68,38.46,36.36,30.90,23.20,20.82,15.68,13.63,10.58,6.88,3.53,2.46,0.75,0.10,0.01
Albania,Female,1957,125.85,93.79,76.25,71.70,62.94,52.81,44.99,38.65,34.37,32.67,25.49,23.77,21.20,16.61,14.49,9.79,5.55,4.07,1.59,0.22,0.03
Albania,Male,1957,133.98,101.43,84.79,82.33,72.04,63.14,47.88,38.49,37.07,31.95,24.15,20.77,16.68,13.12,10.89,6.96,3.67,2.42,0.87,0.10,0.01
Albania,Female,1958,131.50,98.85,78.59,72.72,65.66,54.28,46.55,39.71,34.96,33.13,27.08,23.21,22.47,16.41,14.80,10.10,5.77,3.99,1.77,0.25,0.03
Albania,Male,1958,140.09,106.73,86.93,83.31,74.89,64.70,51.27,38.84,37.65,32.90,25.32,20.60,17.78,12.72,11.11,7.06,3.83,2.35,0.97,0.11,0.01
Albania,Female,1959,137.07,104.50,81.38,73.67,68.23,55.97,48.10,40.86,35.71,33.43,28.68,22.89,23.46,16.52,14.94,10.43,6.00,3.92,1.89,0.28,0.04
Albania,Male,1959,146.17,112.48,89.98,84.17,77.64,66.32,54.51,39.72,38.11,33.73,26.58,20.51,18.75,12.56,11.16,7.20,3.98,2.29,1.04,0.13,0.01
Albania,Female,1960,142.38,110.33,84.94,74.73,70.45,57.98,49.58,42.09,36.64,33.68,30.08,23.07,23.93,17.04,14.88,10.79,6.22,3.88,1.94,0.32,0.04
Albania,Male,1960,152.05,118.55,94.00,85.08,80.04,68.21,57.33,41.32,38.40,34.50,27.82,20.71,19.35,12.77,11.02,7.41,4.10,2.26,1.08,0.16,0.01
Albania,Female,1961,147.28,116.18,89.31,76.11,72.20,60.30,50.98,43.41,37.70,33.97,31.15,23.86,23.81,17.97,14.67,11.18,6.44,3.90,1.94,0.38,0.04
Albania,Male,1961,157.55,125.02,98.75,86.25,81.94,70.50,59.59,43.63,38.57,35.25,28.96,21.28,19.52,13.38,10.69,7.67,4.20,2.27,1.08,0.18,0.02
Albania,Female,1962,151.63,122.24,94.16,77.85,73.50,62.86,52.36,44.82,38.82,34.39,31.89,25.15,23.30,19.13,14.40,11.54,6.64,3.96,1.89,0.43,0.04
Albania,Male,1962,162.48,131.82,104.10,87.86,83.37,73.10,61.43,46.47,38.80,35.96,29.97,22.16,19.38,14.26,10.31,7.90,4.27,2.32,1.05,0.21,0.02
Albania,Female,1963,155.17,128.35,99.58,80.09,74.45,65.50,53.80,46.28,39.97,35.00,32.36,26.71,22.71,20.28,14.24,11.78,6.84,4.02,1.82,0.47,0.04
Albania,Male,1963,166.57,138.72,110.07,90.17,84.41,75.88,63.09,49.51,39.23,36.64,30.86,23.25,19.14,15.22,10.01,8.07,4.35,2.39,1.02,0.24,0.02
Albania,Female,1964,157.70,134.39,105.55,82.94,75.18,68.07,55.39,47.75,41.12,35.86,32.64,28.31,22.35,21.19,14.32,11.89,7.04,4.09,1.75,0.49,0.04
Albania,Male,1964,169.58,145.63,116.46,93.49,85.22,78.61,64.76,52.52,40.05,37.27,31.64,24.45,19.00,16.04,9.90,8.13,4.46,2.46,0.99,0.26,0.02
Albania,Female,1965,159.21,140.17,111.67,86.70,75.91,70.35,57.24,49.18,42.26,36.96,32.84,29.75,22.50,21.61,14.75,11.84,7.27,4.16,1.71,0.50,0.05
Albania,Male,1965,171.48,152.31,123.13,97.89,86.00,81.02,66.66,55.25,41.45,37.80,32.34,25.64,19.15,16.55,10.09,8.03,4.61,2.52,0.98,0.27,0.02
Albania,Female,1966,159.99,145.44,117.85,91.34,76.86,72.18,59.40,50.56,43.46,38.20,33.06,30.89,23.25,21.51,15.53,11.67,7.51,4.23,1.70,0.49,0.05
Albania,Male,1966,172.53,158.55,130.21,103.07,87.00,82.94,68.91,57.55,43.46,38.25,33.03,26.74,19.63,16.69,10.58,7.80,4.77,2.56,0.98,0.28,0.03
Albania,Female,1967,160.66,150.06,124.34,96.46,78.19,73.52,61.82,51.89,44.73,39.50,33.42,31.69,24.49,21.06,16.50,11.48,7.74,4.29,1.71,0.48,0.06
Albania,Male,1967,173.41,164.13,137.63,108.81,88.44,84.35,71.43,59.51,45.95,38.71,33.72,27.70,20.42,16.57,11.26,7.54,4.91,2.59,1.00,0.27,0.03
Albania,Female,1968,161.67,153.75,130.91,102.09,80.14,74.41,64.38,53.24,46.06,40.78,34.01,32.18,26.01,20.56,17.46,11.37,7.90,4.35,1.72,0.46,0.06
Albania,Male,1968,174.65,168.67,145.17,115.10,90.63,85.30,74.09,61.31,48.68,39.30,34.45,28.53,21.41,16.39,12.00,7.34,5.02,2.61,1.03,0.26,0.03
Albania,Female,1969,163.14,156.29,137.50,108.22,82.80,74.94,66.94,54.72,47.44,41.98,34.91,32.45,27.59,20.27,18.21,11.47,7.97,4.42,1.74,0.44,0.07
Albania,Male,1969,176.42,171.98,152.67,121.74,93.94,85.89,76.73,63.11,51.46,40.15,35.21,29.24,22.50,16.31,12.61,7.28,5.05,2.65,1.06,0.26,0.04
Albania,Female,1970,165.01,157.70,143.82,114.50,86.50,75.35,69.31,56.41,48.83,43.10,36.12,32.58,29.02,20.45,18.54,11.84,7.95,4.51,1.75,0.43,0.07
Albania,Male,1970,178.61,174.06,159.84,128.60,98.46,86.35,79.08,65.05,54.10,41.42,35.95,29.88,23.59,16.48,12.98,7.44,4.99,2.71,1.08,0.26,0.04
Albania,Female,1971,167.16,158.27,149.51,120.91,91.14,75.94,71.26,58.37,50.16,44.23,37.51,32.71,30.14,21.18,18.43,12.48,7.85,4.61,1.76,0.42,0.07
Albania,Male,1971,181.11,175.10,166.46,135.85,103.75,86.97,80.97,67.25,56.43,43.19,36.64,30.51,24.59,16.96,13.06,7.82,4.86,2.78,1.09,0.26,0.04
Albania,Female,1972,169.37,158.55,154.41,127.72,96.22,76.94,72.68,60.62,51.45,45.43,38.93,32.99,30.93,22.35,18.04,13.27,7.74,4.70,1.77,0.42,0.07
Albania,Male,1972,183.71,175.77,172.27,143.42,109.51,88.08,82.32,69.66,58.51,45.39,37.31,31.19,25.46,17.71,12.96,8.34,4.72,2.84,1.10,0.26,0.04
Albania,Female,1973,171.33,159.00,158.24,134.72,101.75,78.61,73.56,63.07,52.72,46.71,40.27,33.55,31.40,23.79,17.60,14.05,7.70,4.76,1.78,0.42,0.06
Albania,Male,1973,186.00,176.61,176.84,151.10,115.69,90.01,83.14,72.21,60.47,47.87,38.03,31.96,26.20,18.64,12.81,8.89,4.61,2.87,1.11,0.27,0.04
Albania,Female,1974,173.07,159.77,160.79,141.73,107.70,81.15,73.98,65.59,54.07,48.08,41.43,34.50,31.59,25.29,17.35,14.64,7.78,4.75,1.79,0.42,0.06
Albania,Male,1974,187.96,177.77,180.00,158.67,122.06,93.15,83.52,74.75,62.36,50.50,38.86,32.83,26.82,19.66,12.76,9.36,4.60,2.87,1.12,0.28,0.04
Albania,Female,1975,174.92,160.87,162.05,148.41,113.73,84.85,74.15,68.01,55.59,49.49,42.44,35.81,31.62,26.66,17.48,14.91,8.05,4.69,1.80,0.42,0.06
Albania,Male,1975,189.93,179.24,181.73,165.79,128.49,97.52,83.67,77.03,64.31,53.11,39.95,33.76,27.37,20.69,12.92,9.64,4.72,2.82,1.14,0.28,0.04
Albania,Female,1976,176.71,162.19,162.31,154.33,119.95,89.53,74.45,70.06,57.35,50.86,43.39,37.33,31.62,27.74,18.06,14.82,8.49,4.59,1.82,0.41,0.06
Albania,Male,1976,191.76,180.88,182.23,172.19,135.20,102.62,83.95,78.85,66.41,55.55,41.43,34.64,27.93,21.64,13.31,9.71,4.98,2.73,1.16,0.28,0.04
Albania,Female,1977,177.97,163.50,162.20,159.26,126.60,94.60,75.21,71.53,59.41,52.17,44.40,38.87,31.79,28.50,19.02,14.50,9.01,4.49,1.83,0.40,0.05
Albania,Male,1977,192.99,182.47,182.20,177.55,142.16,108.07,84.72,80.10,68.67,57.81,43.27,35.48,28.57,22.47,13.91,9.65,5.31,2.64,1.17,0.28,0.04
Albania,Female,1978,178.65,164.54,162.14,162.94,133.44,100.00,76.70,72.39,61.72,53.43,45.50,40.26,32.27,28.93,20.19,14.15,9.51,4.43,1.82,0.40,0.05
Albania,Male,1978,193.59,183.64,182.20,181.40,149.18,113.79,86.33,80.74,71.03,59.96,45.38,36.27,29.33,23.17,14.63,9.55,5.66,2.57,1.16,0.28,0.04
Albania,Female,1979,178.80,165.34,162.23,165.16,140.24,105.69,79.14,72.64,64.18,54.72,46.70,41.38,33.18,29.05,21.42,13.95,9.89,4.45,1.78,0.39,0.05
Albania,Male,1979,193.65,184.27,182.40,183.59,155.98,119.48,89.17,80.83,73.38,62.00,47.73,37.06,30.24,23.75,15.42,9.52,5.93,2.54,1.14,0.28,0.04
Albania,Female,1980,178.48,166.15,162.54,165.97,146.53,111.36,82.83,72.49,66.60,56.14,47.97,42.29,34.53,29.01,22.55,14.09,10.08,4.62,1.75,0.39,0.05
Albania,Male,1980,193.40,184.69,182.77,184.20,162.12,125.08,93.24,80.60,75.50,64.02,50.18,37.97,31.26,24.26,16.22,9.65,6.10,2.60,1.10,0.28,0.04
Albania,Female,1981,178.20,166.88,163.03,165.72,151.85,117.09,87.47,72.41,68.64,57.80,49.22,43.10,36.12,28.98,23.48,14.64,10.09,4.92,1.73,0.39,0.05
Albania,Male,1981,193.32,184.78,183.18,183.50,167.32,130.81,97.97,80.43,77.18,66.11,52.55,39.15,32.28,24.81,16.96,9.98,6.13,2.74,1.06,0.28,0.04
Albania,Female,1982,178.70,167.23,163.48,164.95,156.06,123.16,92.37,72.75,70.06,59.79,50.41,43.95,37.70,29.13,24.13,15.50,9.96,5.28,1.73,0.40,0.05
Albania,Male,1982,194.02,184.25,183.34,182.11,171.29,136.66,102.91,80.75,78.25,68.32,54.79,40.64,33.23,25.47,17.59,10.44,6.09,2.91,1.02,0.28,0.04
Albania,Female,1983,180.05,167.28,163.69,164.06,158.90,129.33,97.38,73.86,70.80,62.09,51.53,44.92,39.10,29.62,24.47,16.54,9.82,5.63,1.76,0.41,0.05
Albania,Male,1983,195.55,183.28,182.89,180.60,173.58,142.48,107.88,81.93,78.62,70.61,56.92,42.40,34.08,26.29,18.11,11.01,6.04,3.08,0.99,0.27,0.04
Albania,Female,1984,182.05,167.11,163.67,163.20,160.17,135.34,102.45,75.99,70.77,64.63,52.60,46.01,40.16,30.60,24.51,17.65,9.79,5.91,1.82,0.41,0.05
Albania,Male,1984,197.52,182.11,181.75,179.15,174.09,147.94,112.58,84.34,78.35,72.89,58.90,44.44,34.79,27.34,18.51,11.63,6.03,3.21,0.99,0.26,0.04
Albania,Female,1985,184.34,166.80,163.59,162.51,159.92,140.67,107.30,79.37,70.22,67.17,53.70,47.18,40.90,32.00,24.37,18.68,9.97,6.05,1.93,0.41,0.05
Albania,Male,1985,199.48,180.92,180.26,177.68,172.95,152.55,116.98,87.95,77.65,74.95,60.77,46.67,35.51,28.52,18.85,12.25,6.12,3.26,1.01,0.24,0.03
Albania,Female,1986,186.31,166.71,163.52,161.99,158.53,144.82,112.07,83.64,69.63,69.31,55.00,48.33,41.49,33.62,24.21,19.49,10.39,6.06,2.08,0.40,0.05
Albania,Male,1986,200.99,180.10,178.40,176.09,170.43,155.98,121.36,92.13,76.93,76.54,62.62,48.90,36.37,29.71,19.22,12.82,6.32,3.25,1.06,0.22,0.03
Albania,Female,1987,187.63,167.32,163.21,161.42,156.57,147.63,117.03,87.99,69.41,70.77,56.61,49.39,42.09,35.19,24.21,20.06,11.01,5.98,2.25,0.41,0.05
Albania,Male,1987,201.87,180.08,175.97,174.16,167.16,157.98,125.74,96.29,76.67,77.46,64.50,51.06,37.48,30.84,19.71,13.31,6.61,3.20,1.12,0.21,0.03
Albania,Female,1988,188.33,168.60,162.81,160.60,154.39,148.91,121.97,92.21,69.94,71.39,58.51,50.32,42.79,36.50,24.54,20.38,11.78,5.92,2.40,0.42,0.05
Albania,Male,1988,202.13,180.75,173.27,171.52,163.66,158.17,129.93,100.26,77.26,77.58,66.41,53.11,38.85,31.79,20.37,13.71,6.97,3.15,1.17,0.20,0.03
Albania,Female,1989,188.27,170.23,162.54,159.55,152.17,148.55,126.57,96.26,71.48,71.07,60.67,51.13,43.62,37.38,25.31,20.42,12.59,5.93,2.53,0.45,0.05
Albania,Male,1989,201.62,181.72,170.60,168.08,160.11,156.51,133.61,103.76,79.05,76.95,68.30,54.92,40.54,32.52,21.22,14.00,7.36,3.13,1.19,0.20,0.03
Albania,Female,1990,187.41,171.94,162.44,158.46,150.10,146.76,130.28,99.93,74.23,70.12,62.83,51.93,44.55,37.91,26.45,20.29,13.35,6.07,2.60,0.49,0.05
Albania,Male,1990,200.29,182.68,168.23,164.22,156.50,153.30,136.31,106.75,81.95,75.84,69.95,56.53,42.48,33.14,22.19,14.24,7.74,3.16,1.19,0.21,0.02
Albania,Female,1991,185.70,173.28,162.68,157.38,148.20,144.05,132.73,103.48,77.66,69.20,64.53,52.95,45.43,38.32,27.71,20.13,13.95,6.34,2.61,0.54,0.05
Albania,Male,1991,198.09,183.36,166.50,160.11,152.75,149.00,137.75,109.68,85.26,74.75,71.12,58.10,44.44,33.90,23.13,14.50,8.09,3.24,1.16,0.22,0.02
Albania,Female,1992,183.11,173.98,163.59,156.24,146.16,141.09,133.78,107.34,80.98,68.77,65.52,54.34,46.19,38.81,28.89,20.10,14.38,6.73,2.59,0.58,0.05
Albania,Male,1992,194.79,183.60,165.77,155.75,148.71,144.26,137.74,112.74,88.38,74.24,71.62,59.70,46.33,34.92,24.00,14.86,8.39,3.37,1.13,0.23,0.02
Albania,Female,1993,179.74,174.05,165.01,155.14,143.86,138.16,133.47,111.31,84.06,69.15,65.76,56.04,46.81,39.43,29.83,20.33,14.61,7.18,2.57,0.63,0.05
Albania,Male,1993,190.52,183.31,165.96,151.52,144.22,139.56,136.16,115.74,91.19,74.65,71.41,61.34,48.10,36.22,24.73,15.36,8.64,3.53,1.10,0.23,0.02
Albania,Female,1994,175.98,173.47,166.59,154.26,141.39,135.31,131.95,115.02,86.98,70.47,65.33,57.92,47.39,40.19,30.48,20.89,14.66,7.63,2.59,0.65,0.06
Albania,Male,1994,185.81,182.35,166.74,147.90,139.31,135.04,133.26,118.32,93.57,76.14,70.69,62.94,49.67,37.82,25.37,15.98,8.84,3.71,1.09,0.23,0.02
Albania,Female,1995,172.07,172.18,168.09,153.70,138.87,132.71,129.46,117.89,89.71,72.74,64.65,59.65,48.09,40.98,30.97,21.70,14.59,8.04,2.65,0.66,0.06
Albania,Male,1995,180.96,180.76,167.73,145.12,134.37,130.65,129.38,120.04,95.61,78.53,69.81,64.24,51.13,39.61,26.04,16.66,9.02,3.89,1.10,0.23,0.02
Albania,Female,1996,167.70,170.13,169.04,153.56,136.34,130.29,126.55,119.49,92.66,75.42,64.31,60.79,49.12,41.67,31.50,22.58,14.54,8.37,2.77,0.67,0.07
Albania,Male,1996,175.84,178.30,168.65,143.38,129.64,126.28,124.97,120.58,97.88,81.11,69.24,65.02,52.62,41.37,26.91,17.31,9.23,4.06,1.14,0.22,0.02
Albania,Female,1997,162.21,167.43,169.27,153.97,133.80,127.62,123.81,119.75,96.24,77.77,64.64,61.18,50.60,42.22,32.20,23.36,14.59,8.60,2.93,0.66,0.07
Albania,Male,1997,169.99,174.86,169.35,142.86,125.12,121.76,120.50,119.79,100.54,83.30,69.35,65.15,54.17,42.99,28.05,17.89,9.50,4.20,1.18,0.21,0.02
Albania,Female,1998,155.59,164.13,168.80,154.66,131.38,124.62,121.28,118.93,100.13,79.80,65.80,60.96,52.41,42.65,33.07,23.98,14.81,8.71,3.12,0.65,0.08
Albania,Male,1998,163.31,170.69,169.61,143.40,121.10,117.08,116.28,117.78,103.37,85.15,70.36,64.72,55.81,44.46,29.45,18.41,9.86,4.32,1.24,0.20,0.02
Albania,Female,1999,148.23,160.28,167.69,155.30,129.24,121.41,118.83,117.28,103.90,81.74,67.75,60.36,54.34,43.13,34.07,24.46,15.27,8.73,3.30,0.66,0.08
Albania,Male,1999,156.04,166.06,169.30,144.68,118.03,112.36,112.36,114.89,105.98,86.66,72.34,64.07,57.41,45.78,31.11,18.90,10.29,4.41,1.31,0.20,0.02
Albania,Female,2000,140.23,156.00,166.00,155.63,127.40,118.04,116.58,115.01,106.94,83.69,70.43,59.82,56.04,43.85,35.05,24.91,15.87,8.70,3.46,0.68,0.08
Albania,Male,2000,148.24,161.15,168.47,146.30,116.03,107.89,108.63,111.44,107.86,88.04,75.01,63.55,58.71,47.04,32.90,19.49,10.75,4.51,1.37,0.20,0.02
Albania,Female,2001,131.95,151.15,163.64,155.25,125.85,114.57,114.34,112.68,108.78,86.10,73.30,59.92,57.09,45.03,35.93,25.50,16.51,8.71,3.59,0.71,0.08
Albania,Male,2001,140.25,156.01,166.76,148.03,115.09,103.92,104.94,107.83,108.67,89.90,77.70,63.53,59.50,48.40,34.64,20.30,11.18,4.64,1.42,0.21,0.02
Albania,Female,2002,123.79,145.32,160.85,154.13,124.65,111.12,111.62,110.74,109.38,89.39,75.73,60.85,57.42,46.72,36.69,26.30,17.08,8.78,3.68,0.76,0.08
Albania,Male,2002,132.50,150.39,164.09,149.70,115.35,100.43,101.19,104.43,108.34,92.40,79.94,64.32,59.73,49.92,36.26,21.39,11.56,4.82,1.47,0.23,0.02
Albania,Female,2003,116.23,138.60,157.67,152.54,123.69,107.85,108.48,108.98,109.10,93.09,77.80,62.64,57.24,48.71,37.39,27.26,17.56,8.98,3.74,0.81,0.08
Albania,Male,2003,125.36,144.22,160.82,150.98,116.62,97.56,97.37,101.32,107.04,95.17,81.85,65.97,59.53,51.53,37.77,22.71,11.92,5.04,1.50,0.24,0.02
Albania,Female,2004,109.20,131.42,153.96,150.75,122.92,104.91,105.11,107.24,108.18,96.70,79.83,65.18,56.77,50.74,38.18,28.32,17.95,9.29,3.76,0.86,0.08
Albania,Male,2004,118.70,137.71,157.05,151.79,118.56,95.63,93.57,98.46,105.00,97.77,83.48,68.48,59.17,53.08,39.17,24.23,12.29,5.30,1.54,0.26,0.02
Albania,Female,2005,102.57,124.00,149.80,149.06,122.25,102.34,101.66,105.68,106.68,99.66,81.90,68.35,56.42,52.46,39.27,29.35,18.32,9.68,3.77,0.90,0.09
Albania,Male,2005,112.30,130.96,152.81,152.28,120.85,94.64,90.11,95.77,102.49,99.70,85.07,71.55,58.99,54.33,40.56,25.86,12.74,5.56,1.59,0.27,0.02
Albania,Female,2006,96.68,116.49,145.10,147.41,121.49,100.16,98.34,104.04,105.14,101.54,84.40,71.63,56.65,53.55,40.76,30.30,18.77,10.07,3.81,0.94,0.09
Albania,Male,2006,106.41,124.09,148.27,151.86,123.39,94.44,87.27,93.09,99.89,100.71,87.14,74.51,59.29,55.09,42.03,27.46,13.35,5.79,1.66,0.28,0.02
Albania,Female,2007,91.51,109.40,139.55,145.91,120.78,98.42,95.30,101.76,103.97,102.43,87.71,74.42,57.69,53.99,42.68,31.18,19.36,10.43,3.89,0.97,0.10
Albania,Male,2007,101.07,117.51,143.34,150.41,126.12,95.17,84.99,90.24,97.48,100.84,89.79,76.98,60.33,55.39,43.66,29.06,14.18,6.02,1.77,0.29,0.02
Albania,Female,2008,87.13,103.10,133.34,144.34,120.24,97.19,92.54,99.02,102.88,102.69,91.39,76.83,59.58,53.95,44.83,32.05,20.05,10.73,4.04,1.01,0.11
Albania,Male,2008,96.30,111.57,137.97,148.32,128.59,96.78,83.30,87.26,95.31,100.21,92.75,79.11,62.16,55.35,45.38,30.63,15.19,6.26,1.90,0.30,0.02
Albania,Female,2009,83.83,97.29,126.93,142.38,120.10,96.54,90.12,96.05,101.73,102.39,94.99,79.21,62.24,53.63,46.94,33.04,20.74,10.96,4.22,1.03,0.12
Albania,Male,2009,92.42,106.01,132.34,145.63,130.75,99.07,82.44,84.33,93.41,98.89,95.58,80.98,64.75,55.17,46.99,32.13,16.30,6.50,2.03,0.31,0.02
Albania,Female,2010,81.69,91.94,120.53,140.05,120.63,96.38,88.13,93.01,100.81,101.44,97.97,81.67,65.49,53.43,48.72,34.30,21.37,11.15,4.43,1.06,0.13
Albania,Male,2010,89.62,100.78,126.64,142.34,132.77,101.72,82.34,81.80,91.69,97.14,97.82,82.85,67.80,55.14,48.32,33.62,17.45,6.79,2.14,0.33,0.03
Albania,Female,2011,80.68,87.48,114.17,137.09,121.69,96.63,86.58,90.26,99.75,100.42,100.02,84.52,68.79,53.77,49.95,35.91,21.88,11.35,4.60,1.08,0.14
Albania,Male,2011,87.92,96.18,120.86,138.69,133.90,104.76,82.84,79.96,89.98,95.31,99.31,85.18,70.67,55.53,49.24,35.21,18.58,7.17,2.23,0.35,0.03
Albania,Female,2012,80.59,83.70,108.41,133.19,123.27,97.48,85.54,87.95,97.87,99.79,101.24,88.09,71.56,54.87,50.59,37.84,22.31,11.55,4.73,1.11,0.14
Albania,Male,2012,87.17,92.06,115.41,134.71,134.00,108.15,84.13,78.71,88.01,93.67,100.10,88.07,72.99,56.56,49.74,36.87,19.67,7.63,2.32,0.38,0.03
Albania,Female,2013,80.91,80.70,103.46,128.51,124.81,98.84,85.18,85.94,95.47,99.16,101.96,91.93,73.94,56.85,50.73,39.93,22.75,11.76,4.79,1.15,0.14
Albania,Male,2013,86.96,88.42,110.59,130.20,133.56,111.28,86.23,77.98,85.81,92.31,100.17,91.26,74.95,58.30,49.87,38.54,20.70,8.14,2.40,0.41,0.03
Albania,Female,2014,81.25,78.65,98.59,123.64,125.75,100.77,85.69,84.20,92.82,98.42,101.99,95.63,76.38,59.66,50.46,42.00,23.36,11.97,4.83,1.18,0.15
Albania,Male,2014,86.88,85.51,105.91,125.38,132.48,114.12,89.03,77.95,83.61,91.20,99.37,94.36,76.78,60.75,49.85,40.16,21.73,8.70,2.50,0.43,0.03
Albania,Female,2015,81.22,77.38,93.94,118.71,125.87,103.62,86.59,82.90,90.10,98.02,101.06,98.67,78.93,62.93,50.25,43.84,24.26,12.17,4.87,1.23,0.15
Albania,Male,2015,86.40,83.38,101.34,120.57,130.43,117.15,91.98,78.54,81.78,90.29,97.97,96.91,78.65,63.59,49.92,41.61,22.85,9.30,2.65,0.46,0.03
Albania,Female,2016,80.42,77.12,90.25,113.14,124.97,106.97,87.59,82.07,87.72,97.44,100.02,100.95,81.78,66.02,50.47,45.25,25.49,12.37,4.93,1.27,0.15
Albania,Male,2016,85.22,82.28,97.35,115.44,127.73,119.28,95.09,79.61,80.54,89.37,96.41,98.89,80.88,66.13,50.27,42.78,24.12,9.91,2.85,0.48,0.03
Albania,Female,2017,78.73,77.75,86.91,108.00,122.77,110.48,88.97,81.65,85.72,95.74,99.43,102.57,85.33,68.46,51.39,46.16,27.03,12.59,5.03,1.30,0.16
Albania,Male,2017,83.27,82.07,93.52,110.70,124.52,120.20,98.47,81.32,79.71,87.92,94.94,100.36,83.64,68.10,51.15,43.59,25.52,10.53,3.09,0.51,0.04
Albania,Female,2018,76.18,78.65,84.02,103.84,119.30,113.79,90.75,81.86,83.88,93.44,98.71,103.71,89.10,70.52,53.31,46.47,28.73,12.91,5.15,1.32,0.16
Albania,Male,2018,80.49,82.27,89.87,106.83,120.41,120.80,101.39,83.75,79.27,85.99,93.67,101.07,86.73,69.82,52.69,44.05,27.01,11.17,3.36,0.55,0.04
Albania,Female,2019,73.15,79.56,82.00,99.29,115.50,116.29,93.06,83.03,82.17,90.91,97.89,103.94,92.59,72.84,56.15,46.23,30.45,13.39,5.27,1.34,0.17
Albania,Male,2019,77.32,82.55,86.85,102.78,115.83,120.81,103.94,86.88,79.39,84.02,92.66,100.62,89.73,71.56,54.90,44.26,28.50,11.84,3.63,0.59,0.05
Albania,Female,2020,70.50,79.94,80.44,94.77,111.59,117.43,96.41,84.37,80.85,88.32,97.64,102.82,95.35,75.36,59.31,45.70,31.76,13.79,5.25,1.32,0.17
Albania,Male,2020,74.64,82.24,84.44,98.67,111.34,119.44,106.90,89.92,79.93,82.29,91.82,99.11,92.08,73.35,57.33,44.02,29.42,12.32,3.80,0.64,0.05
Albania,Female,2021,68.62,79.31,79.90,91.29,106.42,117.10,100.19,85.45,79.99,86.01,97.21,101.47,97.37,78.02,62.01,45.22,32.49,14.14,5.12,1.27,0.16
Albania,Male,2021,72.78,81.06,83.14,95.07,106.34,117.18,108.94,92.84,80.82,80.99,90.82,97.19,93.79,75.31,59.29,43.55,29.65,12.62,3.87,0.68,0.05